PG,SG,SF,PF,C,G,F,UTIL,Date,Salary,FPTS
Dennis Schroder,Kentavious Caldwell-Pope,Thabo Sefolosha,Ersan Ilyasova,Andre Drummond,Stephen Curry,Marcus Morris,LeBron James,20151027,49800,322.5
Ricky Rubio,Bradley Beal,Danilo Gallinari,Greg Monroe,Jahlil Okafor,CJ McCollum,Kawhi Leonard,Jonas Valanciunas,20151028,49800,372.5
Jeff Teague,CJ Miles,Carmelo Anthony,Blake Griffin,Al Horford,Kyle Korver,Kyle OQuinn,John Jenkins,20151029,47900,287.0
Reggie Jackson,Victor Oladipo,TJ Warren,Anthony Tolliver,Karl-Anthony Towns,Russell Westbrook,Marcus Morris,Kevin Love,20151030,49600,379.25
Stephen Curry,Langston Galloway,Carmelo Anthony,Drew Gooden,Willie Cauley-Stein,Mike Conley,Rudy Gay,Brandon Knight,20151031,49600,355.0
Marcus Smart,Kent Bazemore,Nicolas Batum,Julius Randle,Hassan Whiteside,Kyle Lowry,Paul Millsap,LaMarcus Aldridge,20151101,49300,356.0
Russell Westbrook,Khris Middleton,LeBron James,Kristaps Porzingis,Tyson Chandler,TJ McConnell,Greg Monroe,Jerryd Bayless,20151102,49900,345.5
Kyle Lowry,Jeremy Lamb,Danilo Gallinari,Kenneth Faried,Andre Drummond,Evan Fournier,Luis Scola,Jeff Teague,20151103,47000,387.0
Russell Westbrook,Bradley Beal,Trevor Ariza,Jared Sullinger,Mason Plumlee,TJ McConnell,Evan Fournier,Kevin Durant,20151104,49900,346.5
Derrick Rose,Jimmy Butler,Al-Farouq Aminu,Chris Bosh,Al Jefferson,Dwyane Wade,Marvin Williams,Trevor Booker,20151105,47800,315.0
Darren Collison,James Harden,Jae Crowder,Jordan Hill,Kelly Olynyk,Stephen Curry,Paul George,Clint Capela,20151106,48800,395.5
Jerryd Bayless,Kent Bazemore,Andre Iguodala,Blake Griffin,Dwight Howard,Rajon Rondo,Nemanja Bjelica,Pau Gasol,20151107,46400,384.25
Reggie Jackson,Allen Crabbe,Metta World Peace,Kevin Love,Robin Lopez,Monta Ellis,Kevin Durant,Andre Drummond,20151108,49900,369.0
Damian Lillard,Kentavious Caldwell-Pope,Andrew Wiggins,JJ Hickson,Jahlil Okafor,Jeff Teague,Taj Gibson,Andre Drummond,20151109,49000,327.75
Russell Westbrook,Dion Waiters,LeBron James,Chris Bosh,Karl-Anthony Towns,Cory Joseph,Luol Deng,Zach LaVine,20151110,49900,337.75
Rajon Rondo,Eric Gordon,Joe Johnson,Dirk Nowitzki,Dwight Howard,Shabazz Napier,Danilo Gallinari,Paul Millsap,20151111,48200,359.0
Stephen Curry,Eric Bledsoe,Gordon Hayward,Jon Leuer,Andrew Bogut,Tyler Johnson,Draymond Green,Derrick Favors,20151112,49900,370.25
Isaiah Thomas,Monta Ellis,Nicolas Batum,Amir Johnson,Zaza Pachulia,Rajon Rondo,Tobias Harris,Marc Gasol,20151113,48500,384.25
Jarrett Jack,Jamal Crawford,Andre Iguodala,Draymond Green,Andrew Bogut,Eric Bledsoe,LeBron James,Will Barton,20151114,48000,420.75
Cory Joseph,DeMar DeRozan,Jeff Green,DeMarcus Cousins,Al Jefferson,Marcus Smart,Nicolas Batum,Carmelo Anthony,20151115,49600,355.75
Russell Westbrook,Monta Ellis,Jeff Green,Taj Gibson,Tim Duncan,Brandon Knight,Boris Diaw,Kawhi Leonard,20151116,49700,362.0
Jameer Nelson,Will Barton,Danilo Gallinari,Kristaps Porzingis,Hassan Whiteside,Reggie Jackson,Joe Johnson,Andrew Wiggins,20151117,48200,355.5
Tony Parker,Avery Bradley,Al-Farouq Aminu,Ryan Anderson,Tim Duncan,James Harden,Paul Millsap,Nikola Jokic,20151118,48000,407.25
Rajon Rondo,Tyler Johnson,Giannis Antetokounmpo,Chris Bosh,Willie Cauley-Stein,Marco Belinelli,Draymond Green,Chris Paul,20151119,50000,329.0
Kyle Lowry,Rondae Hollis-Jefferson,Gordon Hayward,Julius Randle,Marc Gasol,Deron Williams,Ryan Anderson,Al Jefferson,20151120,48500,360.75
Ramon Sessions,James Harden,Tobias Harris,Kristaps Porzingis,Hassan Whiteside,Mike Conley,Jordan Hill,Tristan Thompson,20151121,49900,354.0
Deron Williams,Eric Bledsoe,Alonzo Gee,Anthony Davis,Mason Plumlee,Rondae Hollis-Jefferson,Darrell Arthur,Damian Lillard,20151122,48400,362.25
Kemba Walker,Andrew Wiggins,Kawhi Leonard,Andrew Nicholson,Greg Monroe,Shabazz Napier,Markieff Morris,Rajon Rondo,20151123,49500,383.75
Raymond Felton,Gary Neal,Thabo Sefolosha,Ed Davis,DeAndre Jordan,Stephen Curry,Danilo Gallinari,Paul George,20151124,49500,342.0
Kyle Lowry,Gerald Green,Robert Covington,Blake Griffin,Gorgui Dieng,Tony Parker,Gordon Hayward,Chris Paul,20151125,49500,360.25
Kemba Walker,Victor Oladipo,Kawhi Leonard,Draymond Green,Ian Mahinmi,Elfrid Payton,Robert Covington,TJ Warren,20151127,49400,371.25
Jarrett Jack,Jordan Clarkson,Omri Casspi,Draymond Green,Tim Duncan,Deron Williams,Anthony Davis,Trevor Booker,20151128,49000,346.0
Kemba Walker,Arron Afflalo,Paul George,Kevin Seraphin,Brook Lopez,Jordan Clarkson,Matt Barnes,DeMar DeRozan,20151129,47700,356.0
Russell Westbrook,Dwyane Wade,Stanley Johnson,Paul Millsap,DeAndre Jordan,Reggie Jackson,Tony Snell,Amir Johnson,20151130,50000,376.75
John Wall,Bradley Beal,Jerami Grant,Dirk Nowitzki,Marc Gasol,Norris Cole,Anthony Davis,Shane Larkin,20151201,49800,377.25
Shaun Livingston,Eric Bledsoe,Nicolas Batum,Julius Randle,Pau Gasol,John Wall,Jon Leuer,Marcus Morris,20151202,49400,367.5
Kyle Lowry,CJ McCollum,Kawhi Leonard,Darrell Arthur,Ian Mahinmi,Rodney Stuckey,CJ Miles,Isaiah Thomas,20151203,49400,336.75
Jrue Holiday,Bradley Beal,Trevor Ariza,Dirk Nowitzki,Al Horford,Kyle Korver,LeBron James,Khris Middleton,20151204,50000,326.25
Trey Burke,Ben McLemore,Nicolas Batum,Derrick Favors,Dwight Howard,Darren Collison,Paul George,Elfrid Payton,20151205,49300,385.25
Russell Westbrook,Kentavious Caldwell-Pope,Andre Iguodala,Jon Leuer,Alex Len,Raymond Felton,Draymond Green,John Wall,20151206,49700,327.25
Goran Dragic,Gary Neal,Giannis Antetokounmpo,Ersan Ilyasova,Pau Gasol,CJ McCollum,Kristaps Porzingis,Dwyane Wade,20151207,48600,320.5
Mario Chalmers,Klay Thompson,Joe Johnson,Thaddeus Young,Nikola Vucevic,Rajon Rondo,Marcus Thornton,Gordon Hayward,20151208,49200,373.0
John Wall,Kevin Martin,Corey Brewer,Paul Millsap,Alex Len,James Harden,Zach Randolph,JJ Redick,20151209,49700,389.5
Rajon Rondo,Kyle Korver,Kevin Durant,Serge Ibaka,Andrea Bargnani,Shane Larkin,Carmelo Anthony,Taj Gibson,20151210,48200,313.5
Stephen Curry,Evan Turner,Al-Farouq Aminu,Chris Bosh,Ian Mahinmi,Jameer Nelson,Draymond Green,DAngelo Russell,20151211,49700,394.5
Isaiah Thomas,Kobe Bryant,Giannis Antetokounmpo,Jabari Parker,Greg Monroe,Raymond Felton,Draymond Green,Kentavious Caldwell-Pope,20151212,49200,375.25
Brandon Knight,Alec Burks,Matt Barnes,Serge Ibaka,Jahlil Okafor,Eric Bledsoe,Robert Covington,Luis Scola,20151213,49300,326.25
Reggie Jackson,Eric Bledsoe,Jeff Green,Chris Bosh,Marc Gasol,Tyreke Evans,Tony Snell,Kent Bazemore,20151214,49900,371.5
DAngelo Russell,Kobe Bryant,Rudy Gay,Kenneth Faried,Timofey Mozgov,Darren Collison,DeMarcus Cousins,Michael Carter-Williams,20151215,48600,324.0
Ricky Rubio,Klay Thompson,Carmelo Anthony,Draymond Green,Marcin Gortat,Kentavious Caldwell-Pope,TJ Warren,Courtney Lee,20151216,49300,396.5
Jeremy Lin,DeMar DeRozan,LeBron James,Tristan Thompson,Bismack Biyombo,Kobe Bryant,Serge Ibaka,Dwight Howard,20151217,50000,363.25
Reggie Jackson,Terrence Ross,Tobias Harris,LaMarcus Aldridge,Pau Gasol,Jimmy Butler,Ersan Ilyasova,Alex Len,20151218,49300,400.25
John Wall,Garrett Temple,Matt Barnes,Bobby Portis,Marc Gasol,Mike Conley,Blake Griffin,Jared Dudley,20151219,47300,350.25
Michael Carter-Williams,Will Barton,Evan Fournier,Chris Bosh,Brook Lopez,Tyreke Evans,Nerlens Noel,Khris Middleton,20151220,49100,356.75
Chris Paul,Mario Hezonja,Lance Thomas,Taj Gibson,Karl-Anthony Towns,James Harden,Jae Crowder,Thaddeus Young,20151221,49100,329.25
Kyle Lowry,Kobe Bryant,Matt Barnes,Kenneth Faried,Hassan Whiteside,Jordan Clarkson,Zach Randolph,Bismack Biyombo,20151222,49700,310.0
Jeff Teague,Tyreke Evans,Giannis Antetokounmpo,Kristaps Porzingis,Kelly Olynyk,Will Barton,Darrell Arthur,Thaddeus Young,20151223,49600,373.0
Shaun Livingston,Manu Ginobili,Kawhi Leonard,Taj Gibson,Pau Gasol,Gerald Green,Anthony Davis,Chris Bosh,20151225,49700,319.0
Goran Dragic,Jimmy Butler,Nicolas Batum,Luis Scola,Nikola Vucevic,Eric Gordon,Chris Bosh,Nerlens Noel,20151226,49800,345.25
Russell Westbrook,CJ McCollum,Maurice Harkless,Kenneth Faried,Meyers Leonard,Mike Conley,Jeff Green,Kristaps Porzingis,20151227,49500,359.0
Darren Collison,Wayne Ellington,Omri Casspi,Chris Bosh,Hassan Whiteside,Kyle Lowry,Nerlens Noel,Kemba Walker,20151228,49500,381.5
Michael Carter-Williams,Iman Shumpert,Giannis Antetokounmpo,Paul Millsap,Dwight Howard,Khris Middleton,Kent Bazemore,Al Horford,20151229,48900,382.0
Ricky Rubio,Will Barton,Jerami Grant,LaMarcus Aldridge,Brook Lopez,DeMar DeRozan,Nicolas Batum,Aaron Brooks,20151230,49500,377.5
Trey Burke,CJ McCollum,PJ Tucker,Draymond Green,Dwight Howard,Khris Middleton,TJ Warren,JJ Redick,20151231,48200,382.75
Kyle Lowry,Victor Oladipo,Tobias Harris,Nikola Mirotic,Hassan Whiteside,Jimmy Butler,Cody Zeller,Zaza Pachulia,20160101,50000,319.5
Norris Cole,Danny Green,Wesley Johnson,LaMarcus Aldridge,Brook Lopez,Rodney Hood,Draymond Green,Paul George,20160102,48000,393.25
Jordan Clarkson,Arron Afflalo,Danilo Gallinari,Chris Bosh,Robin Lopez,Kyle Lowry,Luis Scola,Jimmy Butler,20160103,48900,357.0
Rajon Rondo,JR Smith,Bojan Bogdanovic,Zach Randolph,Steven Adams,Kyrie Irving,DeMarcus Cousins,Victor Oladipo,20160104,48600,366.5
Marcelo Huertas,Marco Belinelli,Carmelo Anthony,DeMarcus Cousins,Pau Gasol,Jimmy Butler,Taj Gibson,JaVale McGee,20160105,49700,380.25
Mario Chalmers,Monta Ellis,Danilo Gallinari,Amir Johnson,Jonas Valanciunas,Isaiah Thomas,Dwight Powell,Anthony Davis,20160106,48100,354.0
Dennis Schroder,James Harden,Kent Bazemore,DeMarcus Cousins,Al Horford,DAngelo Russell,Brandon Bass,Ben McLemore,20160107,49400,325.75
Damian Lillard,Gerald Green,Tony Allen,Kristaps Porzingis,Nikola Vucevic,DeMar DeRozan,Jeff Green,Michael Carter-Williams,20160108,50000,362.0
Raul Neto,Jeremy Lamb,Chris Johnson,Nikola Mirotic,Al Horford,Stephen Curry,Draymond Green,Ersan Ilyasova,20160109,48800,377.25
Jrue Holiday,Tyreke Evans,Carmelo Anthony,Zach Randolph,Steven Adams,Isaiah Thomas,Wesley Johnson,Dirk Nowitzki,20160110,49200,368.25
Ramon Sessions,Dwyane Wade,Luol Deng,Drew Gooden,Andrew Bogut,Stephen Curry,LaMarcus Aldridge,John Wall,20160111,49400,301.75
Jerian Grant,Devin Booker,Giannis Antetokounmpo,Kristaps Porzingis,Dwight Howard,Kentavious Caldwell-Pope,LeBron James,Tim Duncan,20160112,49400,337.25
Jose Calderon,Eric Gordon,Derrick Williams,Amir Johnson,Cole Aldrich,Kemba Walker,DeMarcus Cousins,Kevin Durant,20160113,48900,358.75
Tony Parker,Jimmy Butler,Doug McDermott,DeMarcus Cousins,Joakim Noah,Victor Oladipo,Tristan Thompson,Robert Covington,20160114,48900,376.5
Michael Carter-Williams,Kyle Korver,Giannis Antetokounmpo,Ryan Anderson,Hassan Whiteside,Marcus Smart,Paul Millsap,Donald Sloan,20160115,47600,395.5
Isaiah Thomas,Langston Galloway,Jae Crowder,Trey Lyles,Marc Gasol,Dennis Schroder,Marcus Morris,John Wall,20160116,49000,375.25
Russell Westbrook,Will Barton,Solomon Hill,LaMarcus Aldridge,Hassan Whiteside,Randy Foye,Kevin Durant,Myles Turner,20160117,50000,307.0
Kemba Walker,JJ Redick,Gordon Hayward,Channing Frye,Dwight Howard,Trey Burke,Marcus Thornton,Pau Gasol,20160118,48400,418.25
Jrue Holiday,Devin Booker,PJ Tucker,Kenneth Faried,Myles Turner,Khris Middleton,Kevin Durant,Hassan Whiteside,20160119,49100,335.0
Elfrid Payton,James Harden,Chandler Parsons,Kevin Love,Robin Lopez,Rodney Hood,Jerami Grant,Karl-Anthony Towns,20160120,49700,410.5
Norris Cole,Archie Goodwin,Alonzo Gee,DeMarcus Cousins,Tyson Chandler,Tyreke Evans,Paul Millsap,Andre Drummond,20160121,49900,341.25
Kemba Walker,Jimmy Butler,Chandler Parsons,Jabari Parker,Myles Turner,Troy Daniels,Harrison Barnes,Stephen Curry,20160122,49700,383.5
Michael Carter-Williams,Gary Harris,PJ Hairston,Mike Scott,Tyson Chandler,Ricky Rubio,DeMarcus Cousins,LeBron James,20160123,49100,373.75
Marcus Smart,James Harden,Robert Covington,Thaddeus Young,Brook Lopez,Terrence Ross,Trevor Ariza,Chandler Parsons,20160124,48900,362.75
Troy Daniels,Will Barton,Trevor Ariza,DeMarcus Cousins,Karl-Anthony Towns,Toney Douglas,Tristan Thompson,James Harden,20160125,49800,404.75
Jordan Clarkson,Dwyane Wade,Kevin Durant,Serge Ibaka,Willie Cauley-Stein,Nik Stauskas,Derrick Williams,Paul George,20160126,49800,360.75
Zach LaVine,Danny Green,Chandler Parsons,Kevin Love,Andre Drummond,Klay Thompson,Jerami Grant,Amir Johnson,20160127,47000,369.5
Norris Cole,Monta Ellis,Thabo Sefolosha,Ryan Anderson,Nikola Jokic,Kyle Lowry,Danilo Gallinari,Jrue Holiday,20160128,49200,358.0
Shabazz Napier,James Harden,Giannis Antetokounmpo,Julius Randle,Gorgui Dieng,Austin Rivers,Carmelo Anthony,Dwyane Wade,20160129,48600,351.0
Isaiah Canaan,James Harden,Robert Covington,Jordan Hill,Nikola Jokic,Monta Ellis,Ryan Anderson,Brook Lopez,20160130,49800,408.25
Marcus Smart,Klay Thompson,Aaron Gordon,Draymond Green,DeAndre Jordan,Kobe Bryant,Marvin Williams,Jamal Crawford,20160131,49000,374.75
Jeff Teague,Dion Waiters,Chandler Parsons,LaMarcus Aldridge,Nikola Jokic,George Hill,Rudy Gay,Gordon Hayward,20160201,48400,367.5
Ricky Rubio,CJ McCollum,Marcus Thornton,Markieff Morris,Robin Lopez,James Harden,Giannis Antetokounmpo,Kobe Bryant,20160202,49500,383.0
Stephen Curry,Andrew Wiggins,Wesley Johnson,Draymond Green,Tyler Zeller,Victor Oladipo,Joe Johnson,Jeremy Lin,20160203,49900,368.25
Damian Lillard,Kobe Bryant,PJ Tucker,Anthony Davis,Robin Lopez,Arron Afflalo,Corey Brewer,Stanley Johnson,20160204,48400,368.25
Darren Collison,Evan Turner,Nicolas Batum,Derrick Favors,Rudy Gobert,Derrick Rose,Joe Johnson,Paul George,20160205,49400,380.0
TJ McConnell,ETwaun Moore,Chandler Parsons,Julius Randle,Gorgui Dieng,Jordan Clarkson,Kevin Durant,Jahlil Okafor,20160206,48400,370.25
Rajon Rondo,Evan Fournier,Kent Bazemore,Kristaps Porzingis,Jared Sullinger,Will Barton,Aaron Gordon,Isaiah Thomas,20160207,48400,345.25
DAngelo Russell,Evan Fournier,Jerami Grant,Paul Millsap,Nikola Vucevic,Kemba Walker,Kenneth Faried,Kyrie Irving,20160208,49900,383.5
John Wall,Bradley Beal,Carmelo Anthony,Amare Stoudemire,Greg Monroe,Raymond Felton,Harrison Barnes,Andrew Bogut,20160209,48900,353.0
Elfrid Payton,Devin Booker,Robert Covington,Tristan Thompson,Jared Sullinger,Chris Paul,Marcus Morris,Karl-Anthony Towns,20160210,49800,372.5
Jrue Holiday,Khris Middleton,Giannis Antetokounmpo,Serge Ibaka,Alexis Ajinca,Russell Westbrook,Jabari Parker,Jared Dudley,20160211,49800,305.0
John Wall,Jamal Crawford,Tony Snell,Bobby Portis,Marcin Gortat,Chris Paul,Tristan Thompson,Rudy Gobert,20160218,49600,316.0
Rajon Rondo,Victor Oladipo,Luol Deng,Kris Humphries,Ian Mahinmi,Damian Lillard,Derrick Favors,Tim Duncan,20160219,48500,415.75
Dennis Schroder,Jamal Crawford,Carmelo Anthony,Paul Millsap,Hassan Whiteside,Goran Dragic,Luol Deng,Robin Lopez,20160220,49500,406.75
Brandon Jennings,Victor Oladipo,Gordon Hayward,Bobby Portis,Alex Len,Reggie Jackson,Anthony Davis,Jahlil Okafor,20160221,49400,371.0
Kyle Lowry,Nick Young,Jae Crowder,Jabari Parker,Hassan Whiteside,Marcus Smart,Giannis Antetokounmpo,Al Horford,20160222,48800,405.0
Toney Douglas,Rodney Hood,Gordon Hayward,Nerlens Noel,Brook Lopez,CJ McCollum,Rudy Gay,Nikola Jokic,20160223,49800,357.0
Tony Parker,Klay Thompson,Matt Barnes,Taj Gibson,Bismack Biyombo,Stephen Curry,Dirk Nowitzki,Luol Deng,20160224,49300,344.0
Ronnie Price,Dion Waiters,Mirza Teletovic,Thaddeus Young,Dwight Howard,Stephen Curry,Dante Cunningham,Kevin Durant,20160225,49900,368.75
Chris Paul,Will Barton,Doug McDermott,Marvin Williams,Pau Gasol,DAngelo Russell,David Lee,Kyle Lowry,20160226,49800,374.0
Reggie Jackson,Eric Gordon,PJ Tucker,Ryan Anderson,Alex Len,Marcus Smart,Kevin Durant,Pau Gasol,20160227,49600,408.0
Damian Lillard,Terrence Ross,Chandler Parsons,Aaron Gordon,Al Horford,Dwyane Wade,Shabazz Muhammad,Jerami Grant,20160228,48900,328.25
Chris Paul,Dion Waiters,Trevor Ariza,Markieff Morris,Marcin Gortat,Khris Middleton,Giannis Antetokounmpo,Thomas Robinson,20160229,49900,380.0
DAngelo Russell,Kyle Korver,Carmelo Anthony,Ersan Ilyasova,Frank Kaminsky,Goran Dragic,Draymond Green,Kemba Walker,20160301,49300,343.75
DJ Augustin,Mario Hezonja,Robert Covington,Serge Ibaka,Cody Zeller,James Harden,LaMarcus Aldridge,DAngelo Russell,20160302,46400,329.5
Rajon Rondo,Devin Booker,Kevin Durant,David Lee,Amare Stoudemire,Patty Mills,Kawhi Leonard,Eric Gordon,20160303,47900,337.25
Emmanuel Mudiay,Markel Brown,Giannis Antetokounmpo,Gorgui Dieng,Nikola Jokic,Nicolas Batum,Carmelo Anthony,Alex Len,20160304,49700,382.75
Darren Collison,Jimmy Butler,Paul George,Derrick Favors,Pau Gasol,Jeff Teague,Thomas Robinson,Iman Shumpert,20160305,48800,394.25
Emmanuel Mudiay,James Harden,Giannis Antetokounmpo,Kenneth Faried,Steven Adams,Marcelo Huertas,Luol Deng,Reggie Jackson,20160306,49800,395.0
Norris Cole,Andrew Wiggins,Tony Allen,JaMychal Green,Pau Gasol,Mario Chalmers,DeMarcus Cousins,DeAndre Jordan,20160307,49400,421.75
Damian Lillard,Andrew Wiggins,Jared Dudley,Julius Randle,Brook Lopez,Ramon Sessions,LaMarcus Aldridge,Kenneth Faried,20160308,49200,362.25
Jose Calderon,Vince Carter,Luol Deng,JaMychal Green,Dwight Howard,Kemba Walker,Marcus Morris,Anthony Davis,20160309,48800,372.25
Kyrie Irving,Devin Booker,Kawhi Leonard,LaMarcus Aldridge,Nikola Jokic,Tony Parker,Channing Frye,Kobe Bryant,20160310,47300,360.0
Chris Paul,Klay Thompson,Matt Barnes,Jason Smith,Jared Sullinger,Shelvin Mack,Gorgui Dieng,Pau Gasol,20160311,49800,397.0
Reggie Jackson,DeMar DeRozan,Lance Stephenson,LaMarcus Aldridge,Marreese Speights,Khris Middleton,Marcus Morris,Brandon Knight,20160312,48400,373.0
Shelvin Mack,Khris Middleton,Giannis Antetokounmpo,DeMarcus Cousins,Willie Cauley-Stein,JJ Redick,Trevor Booker,Derrick Favors,20160313,49400,358.75
Russell Westbrook,Josh Richardson,PJ Tucker,Taj Gibson,Dwight Howard,Kyle Lowry,Mirza Teletovic,Chandler Parsons,20160314,49700,376.25
Kyle Lowry,Monta Ellis,Paul George,Jason Smith,Bismack Biyombo,Bojan Bogdanovic,Giannis Antetokounmpo,Rudy Gay,20160315,49600,367.0
John Wall,Nicolas Batum,Matt Barnes,Amir Johnson,Al Horford,Jamal Crawford,Lance Stephenson,Kevin Love,20160316,49500,372.0
John Wall,Tim Hardaway Jr,Doug McDermott,Nerlens Noel,Bismack Biyombo,Tony Parker,Thaddeus Young,Giannis Antetokounmpo,20160317,48500,372.25
Stephen Curry,Nik Stauskas,Kevin Durant,Donatas Motiejunas,Tyson Chandler,Victor Oladipo,Tristan Thompson,Ryan Anderson,20160318,49700,393.75
George Hill,Nicolas Batum,Kevin Durant,Boris Diaw,Aron Baynes,Russell Westbrook,Zach Randolph,Richard Jefferson,20160319,47700,371.75
Chris Paul,Avery Bradley,Al-Farouq Aminu,DeMarcus Cousins,Robin Lopez,Deron Williams,Dirk Nowitzki,Salah Mejri,20160320,49200,419.75
Jeremy Lin,Avery Bradley,Marcus Morris,Jon Leuer,Al Horford,Victor Oladipo,Draymond Green,LeBron James,20160321,48000,369.25
Russell Westbrook,James Harden,Tony Allen,Julius Randle,Amare Stoudemire,Sean Kilpatrick,Luke Babbitt,Jrue Holiday,20160322,49800,359.5
Elfrid Payton,James Harden,Gordon Hayward,Nikola Mirotic,DeAndre Jordan,Emmanuel Mudiay,Kristaps Porzingis,Kosta Koufos,20160323,48900,403.75
Jose Calderon,Jamal Crawford,Kevin Durant,Myles Turner,Brook Lopez,Derrick Rose,Carmelo Anthony,Ed Davis,20160324,47100,319.5
Stephen Curry,Raymond Felton,Michael Beasley,LaMarcus Aldridge,Jusuf Nurkic,Klay Thompson,Draymond Green,Jonas Valanciunas,20160325,49700,382.0
Ricky Rubio,Hollis Thompson,LeBron James,John Henson,Dewayne Dedmon,Elfrid Payton,Paul Millsap,Nicolas Batum,20160326,46700,370.25
DJ Augustin,Klay Thompson,Robert Covington,Carl Landry,DeAndre Jordan,DAngelo Russell,Draymond Green,Monta Ellis,20160327,49700,353.25
Russell Westbrook,Norman Powell,Kevin Durant,Dwight Powell,Willie Cauley-Stein,Jeff Teague,Thaddeus Young,LaMarcus Aldridge,20160328,49500,368.5
Kyrie Irving,Hollis Thompson,Paul George,Thomas Robinson,Ian Mahinmi,Stephen Curry,Nikola Mirotic,Nicolas Batum,20160329,49800,360.25
Darren Collison,DeMar DeRozan,Luol Deng,John Henson,Alex Len,Dwyane Wade,DeMarcus Cousins,PJ Tucker,20160330,49800,376.0
Russell Westbrook,Jamal Crawford,Al-Farouq Aminu,Nikola Mirotic,Lavoy Allen,Austin Rivers,Kevin Durant,Paul George,20160331,48800,391.25
Jeff Teague,Gerald Green,Mirza Teletovic,Paul Millsap,Jonas Valanciunas,Avery Bradley,LeBron James,Marcus Morris,20160401,46600,411.0
Reggie Jackson,Jimmy Butler,Kawhi Leonard,LaMarcus Aldridge,Pau Gasol,Gary Harris,CJ Miles,CJ McCollum,20160402,49300,390.0
Tim Frazier,James Harden,Jordan Hamilton,Draymond Green,Tyson Chandler,JR Smith,Kevin Love,Kobe Bryant,20160403,47700,394.75
Rajon Rondo,Devin Booker,Maurice Harkless,Paul Millsap,Tyson Chandler,Andrew Wiggins,Shabazz Muhammad,Zach Randolph,20160405,47000,403.0
Isaiah Thomas,Bradley Beal,Al-Farouq Aminu,Chris McCullough,Andre Drummond,Kemba Walker,Thomas Robinson,Kyrie Irving,20160406,49200,353.25
Goran Dragic,Zach LaVine,Trevor Ariza,Gorgui Dieng,Pau Gasol,Kyle Korver,PJ Tucker,Stephen Curry,20160407,49400,338.0
Reggie Jackson,Evan Fournier,Tony Allen,David West,Cole Aldrich,Jamal Crawford,Robert Covington,Raymond Felton,20160408,36600,392.75
Dennis Schroder,JR Smith,Kevin Durant,Draymond Green,Mason Plumlee,Jeff Teague,Matt Barnes,Paul Millsap,20160409,50000,383.75
Ramon Sessions,Khris Middleton,Kawhi Leonard,Myles Turner,Rudy Gobert,James Harden,John Henson,Nikola Jokic,20160410,47200,412.25
Jeremy Lin,James Harden,Kent Bazemore,Dirk Nowitzki,Dewayne Dedmon,Tim Frazier,Ersan Ilyasova,Russell Westbrook,20160411,48000,368.25
Tony Parker,Dion Waiters,Joe Johnson,Nerlens Noel,Andre Drummond,Jerian Grant,Robert Covington,Kawhi Leonard,20160412,44600,299.5
Patrick Beverley,Norman Powell,Kyle Anderson,Nikola Mirotic,Karl-Anthony Towns,Stephen Curry,Solomon Hill,Kobe Bryant,20160413,46100,457.0
Marcus Smart,Monta Ellis,Jae Crowder,Serge Ibaka,Jonas Valanciunas,Jeff Teague,Draymond Green,Paul George,20160416,48500,327.0
Chris Paul,Gerald Henderson,Al-Farouq Aminu,Kevin Love,Tim Duncan,Kyrie Irving,Luol Deng,Blake Griffin,20160417,48800,341.0
Kyle Lowry,Klay Thompson,Andre Iguodala,Draymond Green,Jonas Valanciunas,Raymond Felton,Patrick Patterson,James Harden,20160418,49700,335.75
Jeff Teague,Danny Green,Kent Bazemore,Zach Randolph,Al Horford,Isaiah Thomas,LaMarcus Aldridge,Kyle Korver,20160419,47500,232.5
Kemba Walker,JR Smith,LeBron James,Kevin Love,Mason Plumlee,Matthew Dellavedova,Al-Farouq Aminu,Dwyane Wade,20160420,49600,303.0
Russell Westbrook,James Harden,Paul George,Donatas Motiejunas,Marreese Speights,Dion Waiters,DeMarre Carroll,Dirk Nowitzki,20160421,48800,333.5
Reggie Jackson,Evan Turner,Matt Barnes,Jonas Jerebko,Al Horford,Isaiah Thomas,Kent Bazemore,Kawhi Leonard,20160422,49900,358.75
Russell Westbrook,CJ McCollum,Luol Deng,Dirk Nowitzki,Mason Plumlee,Raymond Felton,Marvin Williams,George Hill,20160423,48600,327.5
Marcus Smart,Evan Turner,Andre Iguodala,Paul Millsap,Dwight Howard,Kyrie Irving,Lance Stephenson,Isaiah Thomas,20160424,49500,362.0
Russell Westbrook,Andre Roberson,Al-Farouq Aminu,Dwight Powell,Zaza Pachulia,Dwyane Wade,Kevin Durant,Kemba Walker,20160425,49900,347.75
Kyle Lowry,DeMar DeRozan,Thabo Sefolosha,Paul Millsap,Bismack Biyombo,George Hill,Myles Turner,Paul George,20160426,48100,290.0
Damian Lillard,Allen Crabbe,Jeff Green,Draymond Green,DeAndre Jordan,CJ McCollum,Marvin Williams,Maurice Harkless,20160427,47900,301.75
Dennis Schroder,Kyle Korver,Kent Bazemore,Paul Millsap,Al Horford,Isaiah Thomas,Jae Crowder,Marcus Smart,20160428,49000,265.0
Kemba Walker,Austin Rivers,Paul George,Myles Turner,DeAndre Jordan,Jamal Crawford,Maurice Harkless,Cory Joseph,20160429,49100,312.0
Goran Dragic,Klay Thompson,Paul George,Draymond Green,Andrew Bogut,Allen Crabbe,Harrison Barnes,Shaun Livingston,20160501,49900,334.5
Russell Westbrook,Manu Ginobili,Kent Bazemore,Tristan Thompson,Steven Adams,Dennis Schroder,LaMarcus Aldridge,LeBron James,20160502,50000,351.25
Goran Dragic,DeMar DeRozan,Andre Iguodala,Draymond Green,Jonas Valanciunas,Dwyane Wade,Maurice Harkless,Terrence Ross,20160503,49900,314.0
Kyrie Irving,Iman Shumpert,LeBron James,Kevin Love,Mike Muscala,JR Smith,Paul Millsap,Kris Humphries,20160504,47600,235.5
Goran Dragic,DeMar DeRozan,Joe Johnson,Udonis Haslem,Hassan Whiteside,Kyle Lowry,DeMarre Carroll,Jonas Valanciunas,20160505,46100,262.75
Jeff Teague,Danny Green,LeBron James,Channing Frye,Al Horford,Andre Roberson,Kawhi Leonard,Kevin Love,20160506,49900,318.75
Damian Lillard,Dwyane Wade,Al-Farouq Aminu,Udonis Haslem,Jonas Valanciunas,Allen Crabbe,Draymond Green,Ed Davis,20160507,49900,327.0
Russell Westbrook,Dion Waiters,Kevin Durant,Kris Humphries,Steven Adams,Dennis Schroder,Kevin Love,Thabo Sefolosha,20160508,46900,321.25
Stephen Curry,Terrence Ross,Al-Farouq Aminu,Draymond Green,Bismack Biyombo,Damian Lillard,Maurice Harkless,Marreese Speights,20160509,50000,330.5
Tony Parker,Andre Roberson,Kawhi Leonard,Boris Diaw,Steven Adams,Russell Westbrook,Kevin Durant,Danny Green,20160510,49800,264.5
Stephen Curry,CJ McCollum,Al-Farouq Aminu,Ed Davis,Bismack Biyombo,Kyle Lowry,Patrick Patterson,DeMar DeRozan,20160511,49500,312.25
Russell Westbrook,Andre Roberson,Kawhi Leonard,Serge Ibaka,Steven Adams,Danny Green,Kevin Durant,Tim Duncan,20160512,49800,289.0
Kyle Lowry,Dwyane Wade,Joe Johnson,Patrick Patterson,Bismack Biyombo,DeMar DeRozan,Justise Winslow,Goran Dragic,20160513,48500,252.75
Goran Dragic,Dwyane Wade,Justise Winslow,Patrick Patterson,Bismack Biyombo,DeMar DeRozan,DeMarre Carroll,Kyle Lowry,20160515,48800,297.25
Stephen Curry,Klay Thompson,Kevin Durant,Serge Ibaka,Steven Adams,Andre Roberson,Harrison Barnes,Andre Iguodala,20160516,50000,279.75
Kyrie Irving,DeMar DeRozan,James Johnson,Kevin Love,Bismack Biyombo,Iman Shumpert,LeBron James,Richard Jefferson,20160517,47400,214.5
Russell Westbrook,Dion Waiters,Andre Iguodala,Draymond Green,Festus Ezeli,Stephen Curry,Harrison Barnes,Marreese Speights,20160518,49100,217.5
Kyrie Irving,Terrence Ross,LeBron James,Kevin Love,Bismack Biyombo,DeMar DeRozan,James Johnson,Cory Joseph,20160519,49300,237.5
Cory Joseph,JR Smith,LeBron James,Patrick Patterson,Bismack Biyombo,Kyle Lowry,Channing Frye,DeMar DeRozan,20160521,48400,274.5
Russell Westbrook,Andre Roberson,Kevin Durant,Serge Ibaka,Marreese Speights,Ian Clark,Andre Iguodala,Stephen Curry,20160522,49300,270.0
Kyrie Irving,DeMar DeRozan,LeBron James,Channing Frye,Bismack Biyombo,Kyle Lowry,DeMarre Carroll,Matthew Dellavedova,20160523,49900,277.5
Russell Westbrook,Klay Thompson,Andre Iguodala,Serge Ibaka,Festus Ezeli,Dion Waiters,Kevin Durant,Andre Roberson,20160524,49500,312.25
Kyrie Irving,DeMar DeRozan,LeBron James,Kevin Love,Timofey Mozgov,JR Smith,Tristan Thompson,Richard Jefferson,20160525,47900,233.25
Russell Westbrook,Andre Roberson,Kevin Durant,Serge Ibaka,Marreese Speights,Dion Waiters,Draymond Green,Andrew Bogut,20160526,49800,284.75
Kyle Lowry,Iman Shumpert,LeBron James,Kevin Love,Bismack Biyombo,JR Smith,James Johnson,Kyrie Irving,20160527,49900,262.25
Stephen Curry,Klay Thompson,Harrison Barnes,Draymond Green,Andrew Bogut,Andre Roberson,Serge Ibaka,Andre Iguodala,20160528,49700,282.5
