PG,SG,SF,PF,C,G,F,UTIL,Date,Salary,FPTS
Patrick Beverley,Danny Green,Maurice Harkless,Brandon Ingram,Anthony Davis,Josh Hart,Kawhi Leonard,Montrezl Harrell,20191022,48900,307.75
Donovan Mitchell,Devonte Graham,Torrey Craig,Treveon Graham,Karl-Anthony Towns,Justise Winslow,Lauri Markkanen,Andre Drummond,20191023,49500,410.75
Trae Young,Glenn Robinson III,Giannis Antetokounmpo,Ersan Ilyasova,Ivica Zubac,Russell Westbrook,PJ Tucker,Andre Drummond,20191024,49900,360.25
Coby White,Luka Doncic,Josh Hart,Jae Crowder,Karl-Anthony Towns,Kyle Lowry,Frank Kaminsky,Thomas Bryant,20191025,49400,375.25
Russell Westbrook,Derrick Rose,Bojan Bogdanovic,Brandon Ingram,Al Horford,Dejounte Murray,Markieff Morris,Malcolm Brogdon,20191026,48600,386.25
Kyrie Irving,Kendrick Nunn,Rodney Hood,Kristaps Porzingis,Cody Zeller,Luka Doncic,Duncan Robinson,Dwight Howard,20191027,49000,377.0
Stephen Curry,Devonte Graham,Kenrich Williams,Jonathan Isaac,Joel Embiid,Damion Lee,Kawhi Leonard,Dennis Schroder,20191028,49100,380.25
Jalen Brunson,Tyler Herro,Will Barton,John Collins,Anthony Davis,Gary Harris,Meyers Leonard,Bam Adebayo,20191029,46700,329.75
Damian Lillard,James Harden,Gordon Hayward,Dario Saric,Richaun Holmes,Malcolm Brogdon,JaMychal Green,Aron Baynes,20191030,49400,425.25
DeAndre Bembry,Kendrick Nunn,Jabari Parker,Kawhi Leonard,Jahlil Okafor,Derrick White,Jimmy Butler,Jrue Holiday,20191031,48900,345.0
Derrick Rose,Jeremy Lamb,LeBron James,Marcus Morris,Tristan Thompson,Kemba Walker,Taurean Prince,Garrett Temple,20191101,49200,394.75
Jeff Teague,Dwayne Bacon,Bruce Brown,Kyle OQuinn,Gorgui Dieng,Damian Lillard,Giannis Antetokounmpo,Andre Drummond,20191102,49600,398.25
Luka Doncic,Brandon Knight,Duncan Robinson,Marcus Morris,Kevin Love,LeBron James,Jimmy Butler,James Johnson,20191103,50000,364.75
Damian Lillard,James Harden,Eric Paschall,Brandon Ingram,Al Horford,Bruce Brown,Troy Brown Jr,Jarrett Allen,20191104,50000,403.5
LeBron James,Zach LaVine,TJ Warren,Jabari Parker,Goga Bitadze,Chris Paul,Gordon Hayward,Coby White,20191105,49100,361.5
Alec Burks,Patrick Beverley,Tomas Satoransky,Jonathan Isaac,Montrezl Harrell,CJ Miles,Giannis Antetokounmpo,Joel Embiid,20191106,49600,422.0
Goran Dragic,Jimmy Butler,Gordon Hayward,Danilo Gallinari,Ivica Zubac,Brad Wanamaker,Kawhi Leonard,Dejounte Murray,20191107,49000,333.25
Frank Ntilikina,Jamal Murray,Evan Fournier,Kristaps Porzingis,Nikola Vucevic,Kevin Huerter,Rui Hachimura,Luka Doncic,20191108,49400,384.5
Devonte Graham,James Harden,Jae Crowder,Wendell Carter Jr,Clint Capela,Marko Guduric,JJ Redick,Alec Burks,20191109,48000,363.0
Dennis Schroder,Collin Sexton,Jabari Parker,Domantas Sabonis,Mike Muscala,Fred VanVleet,Giannis Antetokounmpo,David Nwaba,20191110,49900,354.25
DAngelo Russell,Donovan Mitchell,Andrew Wiggins,Derrick Favors,Jahlil Okafor,Dillon Brooks,Jaylen Brown,Jrue Holiday,20191111,50000,337.25
LeBron James,Bogdan Bogdanovic,Kyle Kuzma,Nemanja Bjelica,DeAndre Jordan,Trae Young,TJ Warren,Coby White,20191112,49200,366.25
Fred VanVleet,Bradley Beal,Aaron Gordon,Pascal Siakam,JaVale McGee,Ja Morant,JaMychal Green,Miles Bridges,20191113,49000,390.0
Zach LaVine,Coby White,Kenrich Williams,Giannis Antetokounmpo,Alex Len,Jrue Holiday,Derrick Favors,Cameron Johnson,20191114,49400,371.5
James Harden,Bradley Beal,Dillon Brooks,Kyle Anderson,Rudy Gobert,Langston Galloway,Moritz Wagner,Al-Farouq Aminu,20191115,49700,385.75
Aaron Holiday,Jimmy Butler,Jake Layman,Paul George,Bam Adebayo,CJ McCollum,LaMarcus Aldridge,ETwaun Moore,20191116,49800,363.0
LeBron James,Jamal Murray,Buddy Hield,Eric Paschall,Nikola Vucevic,Danny Green,Daniel Theis,Nickeil Alexander-Walker,20191117,48800,395.25
Spencer Dinwiddie,Kent Bazemore,DeMar DeRozan,Julius Randle,Brook Lopez,Aaron Holiday,Montrezl Harrell,Russell Westbrook,20191118,49000,411.75
Draymond Green,Alec Burks,Bogdan Bogdanovic,Brandon Ingram,Anthony Davis,Cory Joseph,Nassir Little,Richaun Holmes,20191119,48900,361.75
Tomas Satoransky,Torrey Craig,Jayson Tatum,Marcus Morris,Jarrett Allen,Luka Doncic,Ben Simmons,Shaquille Harrison,20191120,48000,382.75
Jrue Holiday,CJ McCollum,Brandon Ingram,Giannis Antetokounmpo,Skal Labissiere,JJ Redick,Carmelo Anthony,Mikal Bridges,20191121,49900,403.75
James Harden,Joe Harris,Bruce Brown,Omari Spellman,Anthony Davis,Shai Gilgeous-Alexander,DeAndre Bembry,Darius Garland,20191122,49600,351.5
Trae Young,Frank Ntilikina,Jae Crowder,Jonathan Isaac,Wendell Carter Jr,Zach LaVine,Jeff Green,Bojan Bogdanovic,20191123,50000,365.5
Spencer Dinwiddie,Bogdan Bogdanovic,Taurean Prince,Dario Saric,Richaun Holmes,Will Barton,Montrezl Harrell,Jarrett Allen,20191124,49400,341.5
Ky Bowman,Jeremy Lamb,Pat Connaughton,Carmelo Anthony,Jarrett Allen,Luke Kennard,Glenn Robinson III,Giannis Antetokounmpo,20191125,49200,372.0
Will Barton,Kawhi Leonard,Paul George,Jerami Grant,Thomas Bryant,Jordan McRae,Mason Plumlee,Kristaps Porzingis,20191126,46900,294.25
Jrue Holiday,Zach LaVine,Jabari Parker,OG Anunoby,Omari Spellman,Matisse Thybulle,Thomas Bryant,Andre Drummond,20191127,49800,385.75
Zach LaVine,Dennis Schroder,Carmelo Anthony,Julius Randle,PJ Washington,Collin Sexton,Bojan Bogdanovic,Fred VanVleet,20191129,49100,349.5
James Harden,Austin Rivers,Ben Simmons,Domantas Sabonis,Robin Lopez,Malcolm Brogdon,TJ Warren,Ben McLemore,20191130,49800,361.5
Fred VanVleet,Evan Fournier,Jayson Tatum,Christian Wood,Bam Adebayo,Delon Wright,Bruno Caboclo,Spencer Dinwiddie,20191201,47100,365.5
Ricky Rubio,Mikal Bridges,Giannis Antetokounmpo,Solomon Hill,Rudy Gobert,Buddy Hield,Joe Ingles,Eric Paschall,20191202,49700,340.5
DJ Augustin,James Harden,PJ Tucker,Patrick Patterson,Clint Capela,Jimmy Butler,Kelly Olynyk,Isaiah Thomas,20191203,48600,376.75
Terry Rozier,Cam Reddish,Jimmy Butler,Aaron Gordon,Hassan Whiteside,CJ McCollum,Kent Bazemore,Devonte Graham,20191204,48600,404.75
Devin Booker,Fred VanVleet,Ben Simmons,Tobias Harris,Rui Hachimura,Ricky Rubio,PJ Tucker,Mason Plumlee,20191205,49300,381.25
Jeff Teague,Joe Harris,Jimmy Butler,Blake Griffin,Andre Drummond,Terrence Ross,Cedi Osman,Derrick Rose,20191206,49700,363.5
Russell Westbrook,Trey Burke,TJ Warren,Dario Saric,Julius Randle,Ben Simmons,Kyle OQuinn,Domantas Sabonis,20191207,48000,364.25
Kyle Lowry,Shai Gilgeous-Alexander,Tim Hardaway Jr,OG Anunoby,Anthony Davis,Kawhi Leonard,Nemanja Bjelica,Shabazz Napier,20191208,50000,383.75
Russell Westbrook,Patrick Beverley,Gordon Hayward,Paul George,Domantas Sabonis,Tomas Satoransky,Serge Ibaka,Shai Gilgeous-Alexander,20191209,50000,342.0
Devonte Graham,Terry Rozier,Tobias Harris,Bobby Portis,Hassan Whiteside,Will Barton,Davis Bertans,Bismack Biyombo,20191210,49900,344.0
Jeff Teague,Buddy Hield,Jordan Clarkson,Julius Randle,Kevin Love,Kemba Walker,Joe Ingles,Marcus Morris,20191211,47700,383.0
Kemba Walker,Collin Sexton,Luka Doncic,Kevin Love,Jerami Grant,Seth Curry,Jordan Clarkson,Tobias Harris,20191212,49300,387.0
Alec Burks,James Harden,Buddy Hield,Kelly Olynyk,Marquese Chriss,Damion Lee,Ben Simmons,Alex Len,20191213,48500,363.0
Bruce Brown,Norman Powell,Luke Kennard,Pascal Siakam,Nikola Jokic,Kris Dunn,Lauri Markkanen,Bam Adebayo,20191214,49200,398.5
Elfrid Payton,Bogdan Bogdanovic,LeBron James,Brandon Ingram,Myles Turner,JJ Redick,Mason Plumlee,Jrue Holiday,20191215,48200,349.25
Chris Paul,Bruce Brown,Norman Powell,Rudy Gay,Clint Capela,Darius Garland,Tomas Satoransky,Giannis Antetokounmpo,20191216,49600,385.25
Trae Young,Joe Harris,Bojan Bogdanovic,Bobby Portis,Mitchell Robinson,Spencer Dinwiddie,Frank Kaminsky,Malik Monk,20191217,46100,345.5
Kyle Lowry,Terry Rozier,Josh Richardson,Lauri Markkanen,Marquese Chriss,Damian Lillard,Kevin Love,Serge Ibaka,20191218,49700,380.75
Spencer Dinwiddie,Derrick White,Paul George,Jabari Parker,Jarrett Allen,Russell Westbrook,Danny Green,Patty Mills,20191219,49700,358.5
Lonzo Ball,CJ McCollum,Jordan Clarkson,Kristaps Porzingis,Nikola Vucevic,Alec Burks,Richaun Holmes,Bobby Portis,20191220,48900,364.0
Elfrid Payton,Terry Rozier,Jae Crowder,Richaun Holmes,Alex Len,Bradley Beal,Garrett Temple,Hassan Whiteside,20191221,48900,369.75
Malik Beasley,Nicolas Batum,Jayson Tatum,Giannis Antetokounmpo,Steven Adams,Shai Gilgeous-Alexander,Domantas Sabonis,Gary Harris,20191222,49900,364.75
DeAaron Fox,Collin Sexton,Jonathan Isaac,Aaron Gordon,Nikola Jokic,Damion Lee,DeMar DeRozan,Troy Brown Jr,20191223,48900,373.0
Malik Beasley,Furkan Korkmaz,Khris Middleton,Kawhi Leonard,Derrick Favors,Russell Westbrook,Brandon Ingram,Damion Lee,20191225,49500,366.25
Chris Paul,Joe Ingles,Robert Covington,Julius Randle,Gorgui Dieng,Damian Lillard,Christian Wood,Rudy Gay,20191226,47700,358.75
Ben Simmons,Devin Booker,Allen Crabbe,Aaron Gordon,Ersan Ilyasova,DAngelo Russell,Tobias Harris,Nikola Vucevic,20191227,49900,338.0
James Harden,Devin Booker,Harrison Barnes,Ersan Ilyasova,Julius Randle,Isaiah Thomas,Jonathan Isaac,Jakob Poeltl,20191228,49800,383.75
Lonzo Ball,ETwaun Moore,Buddy Hield,Brandon Ingram,Anthony Davis,Chris Clemons,Isaiah Hartenstein,Jrue Holiday,20191229,46300,348.0
Jordan McRae,Spencer Dinwiddie,Khris Middleton,Giannis Antetokounmpo,Alex Len,Brandon Goodwin,Garrison Mathews,Hassan Whiteside,20191230,48600,364.5
Draymond Green,Alec Burks,Glenn Robinson III,Gordon Hayward,Domantas Sabonis,TJ McConnell,Maxi Kleber,Luka Doncic,20191231,49400,345.25
DJ Augustin,Devin Booker,LeBron James,Julius Randle,Deandre Ayton,Frank Ntilikina,Carmelo Anthony,Avery Bradley,20200101,48900,355.5
Luka Doncic,Shabazz Napier,Rodions Kurucs,JaMychal Green,LaMarcus Aldridge,Jeremy Lamb,Robert Covington,Shai Gilgeous-Alexander,20200102,49800,338.0
Marcus Smart,James Harden,Ben Simmons,Daniel Theis,Aron Baynes,Jordan McRae,Danny Green,Clint Capela,20200103,48500,435.5
Kevin Huerter,Jamal Murray,Troy Brown Jr,Sekou Doumbouya,Domantas Sabonis,Lonzo Ball,Alec Burks,Jae Crowder,20200104,49600,399.25
Goran Dragic,Dante Exum,Andrew Wiggins,Anthony Davis,Gorgui Dieng,Derrick Rose,James Johnson,Damian Lillard,20200105,50000,380.25
Will Barton,Markelle Fultz,Bojan Bogdanovic,Thaddeus Young,Domantas Sabonis,Jordan McRae,Trevor Ariza,Nikola Jokic,20200106,48800,355.5
Jarrett Culver,Tony Snell,Jae Crowder,Kevin Love,Andre Drummond,Dillon Brooks,Carmelo Anthony,Chris Paul,20200107,48000,336.5
Kris Dunn,JJ Redick,Troy Brown Jr,Khem Birch,Clint Capela,Terence Davis,Bobby Portis,James Harden,20200108,47600,387.0
Darius Garland,Collin Sexton,Josh Richardson,Jayson Tatum,Tristan Thompson,Kemba Walker,Danilo Gallinari,Chris Paul,20200109,49600,344.5
Spencer Dinwiddie,DeMar DeRozan,Sterling Brown,Brandon Clarke,Rudy Gobert,Ja Morant,Kyle Kuzma,Myles Turner,20200110,49300,391.0
Rajon Rondo,Zach LaVine,Jayson Tatum,Carmelo Anthony,Christian Wood,Eric Bledsoe,Kyle Kuzma,Kevin Love,20200111,48500,374.75
DAngelo Russell,Joe Ingles,Jimmy Butler,Serge Ibaka,Ian Mahinmi,Devonte Graham,Eric Paschall,Jonas Valanciunas,20200112,49200,365.5
DeAaron Fox,Shai Gilgeous-Alexander,Ben Simmons,Carmelo Anthony,Nikola Vucevic,CJ McCollum,PJ Washington,Jahlil Okafor,20200113,49700,416.0
Kevin Huerter,Dillon Brooks,Mikal Bridges,Bobby Portis,Julius Randle,Kyrie Irving,Cameron Johnson,Kawhi Leonard,20200114,49400,367.75
Kendrick Nunn,Markelle Fultz,Keita Bates-Diop,Mike Muscala,Domantas Sabonis,Russell Westbrook,Nemanja Bjelica,Tobias Harris,20200115,48100,390.0
Ricky Rubio,Donovan Mitchell,Will Barton,Bojan Bogdanovic,Deandre Ayton,Kemba Walker,Mason Plumlee,Malik Beasley,20200116,49700,427.0
Trae Young,Norman Powell,Cam Reddish,OG Anunoby,Marc Gasol,Terence Davis,TJ Warren,DeMar DeRozan,20200117,47900,357.0
Devin Booker,Gary Trent Jr,Josh Hart,Markieff Morris,Rudy Gobert,Marcus Smart,Norman Powell,Zach LaVine,20200118,48600,405.25
Patty Mills,Malcolm Brogdon,Marco Belinelli,Domantas Sabonis,Nikola Jokic,Kendrick Nunn,Doug McDermott,Bam Adebayo,20200119,49200,326.25
DAngelo Russell,Alec Burks,Rondae Hollis-Jefferson,Nicolo Melli,Ian Mahinmi,Ben Simmons,Buddy Hield,Devin Booker,20200120,49200,397.25
TJ McConnell,Dennis Schroder,Torrey Craig,LaMarcus Aldridge,John Collins,Russell Westbrook,Bradley Beal,Reggie Jackson,20200122,47600,411.0
Damian Lillard,Gary Trent Jr,Bradley Beal,Wilson Chandler,Dwight Howard,Collin Sexton,LeBron James,Trevor Ariza,20200123,49500,356.0
Kemba Walker,Evan Fournier,Josh Okogie,TJ Warren,Kelly Olynyk,Devin Booker,Josh Hart,Nikola Jokic,20200124,49100,387.5
Shabazz Napier,Hamidou Diallo,Tobias Harris,Darius Bazley,Karl-Anthony Towns,Zach LaVine,Luguentz Dort,Kyrie Irving,20200125,50000,367.5
Damian Lillard,Jeremy Lamb,DeAndre Hunter,Pascal Siakam,Domantas Sabonis,Michael Carter-Williams,Khem Birch,Deandre Ayton,20200126,49500,383.0
Austin Rivers,DeMar DeRozan,Buddy Hield,Bojan Bogdanovic,Jakob Poeltl,DeAaron Fox,Nemanja Bjelica,Eric Gordon,20200127,49000,390.25
Eric Bledsoe,Bradley Beal,Khris Middleton,DeAndre Hunter,Deandre Ayton,Jrue Holiday,Thomas Bryant,Raul Neto,20200128,49800,405.75
Reggie Jackson,DeMar DeRozan,Luguentz Dort,Taurean Prince,Julius Randle,Damian Lillard,Brandon Clarke,Mitchell Robinson,20200129,49900,344.75
Trae Young,Shake Milton,Bradley Beal,Miles Bridges,Dewayne Dedmon,DeAaron Fox,Vince Carter,Jordan Clarkson,20200130,46900,404.0
Kyrie Irving,Malik Beasley,Kyle Anderson,Kyle Kuzma,Hassan Whiteside,Will Barton,Anthony Davis,Jerami Grant,20200131,49500,393.75
Damian Lillard,Bradley Beal,Miles Bridges,Marquese Chriss,Cody Zeller,Draymond Green,Meyers Leonard,Maxi Kleber,20200201,48300,384.0
James Harden,Devin Booker,Josh Hart,Giannis Antetokounmpo,Brook Lopez,Ben McLemore,Thaddeus Young,Jevon Carter,20200202,50000,360.75
Markelle Fultz,Tim Hardaway Jr,Mikal Bridges,Christian Wood,Deandre Ayton,Elfrid Payton,Kristaps Porzingis,Jonas Valanciunas,20200203,48200,383.25
Bryn Forbes,James Harden,Kyle Kuzma,Miles Bridges,Nikola Jokic,Malik Beasley,Khris Middleton,PJ Tucker,20200204,49600,369.25
Mike Conley,Shai Gilgeous-Alexander,Jayson Tatum,Brandon Clarke,Kristaps Porzingis,Kyle Lowry,Christian Wood,Reggie Jackson,20200205,49700,391.25
Elfrid Payton,Coby White,Gary Trent Jr,Giannis Antetokounmpo,Hassan Whiteside,Ben Simmons,Josh Hart,Taj Gibson,20200206,50000,350.25
Terence Davis,CJ McCollum,Ben Simmons,Tobias Harris,Christian Wood,Damian Lillard,Kevin Huerter,Furkan Korkmaz,20200207,48800,386.0
Dejounte Murray,Malik Beasley,Harrison Barnes,Nemanja Bjelica,Karl-Anthony Towns,Buddy Hield,Andrew Wiggins,Jamal Murray,20200208,48600,379.5
Ben Simmons,Furkan Korkmaz,Trevor Ariza,Jae Crowder,Joel Embiid,Ja Morant,Julius Randle,Mike Conley,20200209,48300,418.75
Devonte Graham,Tim Hardaway Jr,Khris Middleton,LaMarcus Aldridge,Domantas Sabonis,Rajon Rondo,OG Anunoby,Paul Millsap,20200210,49500,398.0
Tomas Satoransky,Coby White,Ben Simmons,Robert Covington,Zion Williamson,Zach LaVine,LaMarcus Aldridge,Derrick White,20200211,49200,376.0
Malcolm Brogdon,Andrew Wiggins,Isaac Bonga,TJ Warren,Rudy Gobert,DAngelo Russell,Brandon Clarke,Myles Turner,20200212,49400,363.75
Chris Paul,Shai Gilgeous-Alexander,Kawhi Leonard,Zion Williamson,Montrezl Harrell,JJ Redick,Marcus Morris,Danilo Gallinari,20200213,49900,331.75
Bruce Brown,Malik Monk,Caris LeVert,PJ Washington,Cody Zeller,Trae Young,Thaddeus Young,Bam Adebayo,20200220,50000,378.25
Dejounte Murray,Avery Bradley,Gordon Hayward,Naz Reid,Pascal Siakam,CJ McCollum,Anthony Davis,Maxi Kleber,20200221,49300,379.5
Kendrick Nunn,Cam Reddish,Khris Middleton,Cedi Osman,Jarrett Allen,Coby White,Giannis Antetokounmpo,John Collins,20200222,49200,374.0
CJ McCollum,Bradley Beal,Juan Toscano-Anderson,Nicolo Melli,Paul Millsap,Tomas Satoransky,Carmelo Anthony,Kyle Lowry,20200223,48800,402.0
Dennis Smith Jr,Donte DiVincenzo,DeAndre Hunter,Aaron Gordon,Jarrett Allen,Ricky Rubio,Khris Middleton,Joel Embiid,20200224,48800,402.0
Shai Gilgeous-Alexander,Coby White,Danny Green,Jerami Grant,Marquese Chriss,CJ McCollum,Giannis Antetokounmpo,Alex Caruso,20200225,49500,355.75
Donovan Mitchell,Austin Rivers,Evan Fournier,Jayson Tatum,Bismack Biyombo,Caris LeVert,Marcus Morris,DeMar DeRozan,20200226,48300,366.5
Cory Joseph,CJ McCollum,Gary Trent Jr,Tobias Harris,Al Horford,Shake Milton,Julius Randle,Elfrid Payton,20200227,48400,338.75
Spencer Dinwiddie,Brandon Knight,OG Anunoby,John Collins,Kristaps Porzingis,Terrence Ross,Nemanja Bjelica,Cam Reddish,20200228,48400,355.0
Spencer Dinwiddie,Damion Lee,Kevin Huerter,Kevin Love,Andre Drummond,Ja Morant,Rudy Gay,Bam Adebayo,20200229,49900,385.0
Lonzo Ball,Norman Powell,Furkan Korkmaz,OG Anunoby,Kristaps Porzingis,Shake Milton,Mike Scott,LeBron James,20200301,50000,399.0
Tyus Jones,CJ McCollum,Bojan Bogdanovic,Dorian Finney-Smith,Nikola Vucevic,Collin Sexton,Robert Covington,RJ Barrett,20200302,48700,371.0
Dejounte Murray,Caris LeVert,Glenn Robinson III,Chris Boucher,Anthony Davis,Lonzo Ball,Andrew Wiggins,Paul Millsap,20200303,48500,392.5
Dennis Schroder,Brandon Knight,Shai Gilgeous-Alexander,Jayson Tatum,Naz Reid,Collin Sexton,Duncan Robinson,Goran Dragic,20200304,49300,352.5
Russell Westbrook,Gary Harris,Tobias Harris,PJ Washington,Jeff Green,Kyle Lowry,Mike Scott,Norman Powell,20200305,49800,329.25
LeBron James,Duncan Robinson,Andre Iguodala,Giannis Antetokounmpo,Aron Baynes,Elfrid Payton,Caris LeVert,Shaquille Harrison,20200306,49700,412.25
Ja Morant,Collin Sexton,Will Barton,Al Horford,Jonas Valanciunas,Bogdan Bogdanovic,Buddy Hield,Bojan Bogdanovic,20200307,49500,362.75
Kyle Lowry,Shabazz Napier,Mikal Bridges,Gordon Hayward,DeAndre Jordan,Ricky Rubio,Norman Powell,Eric Bledsoe,20200308,49500,402.25
Devonte Graham,Terry Rozier,Caleb Martin,Paul Millsap,Serge Ibaka,Kyle Lowry,Joe Ingles,Pascal Siakam,20200309,48900,380.0
Frank Ntilikina,Victor Oladipo,Marco Belinelli,Dragan Bender,Jonas Valanciunas,Luka Doncic,Gordon Hayward,Trey Lyles,20200310,46800,357.5
Elfrid Payton,RJ Barrett,Will Barton,Al Horford,Julius Randle,Caleb Martin,Christian Wood,Boban Marjanovic,20200311,48500,387.0
Alex Caruso,Donovan Mitchell,Kawhi Leonard,Kyle Kuzma,Anthony Davis,JJ Redick,Paul George,Jordan Clarkson,20200730,49400,299.75
Derrick White,James Harden,DeMar DeRozan,Robert Covington,Jeff Green,DeAaron Fox,Brandon Clarke,Kent Bazemore,20200731,50000,368.25
TJ McConnell,Fred VanVleet,TJ Warren,Kelly Olynyk,Joel Embiid,Aaron Holiday,Tobias Harris,Kyle Lowry,20200801,47600,405.25
Damian Lillard,Joe Harris,Cameron Johnson,Giannis Antetokounmpo,Thomas Bryant,Michael Carter-Williams,Bogdan Bogdanovic,Troy Brown Jr,20200802,48900,388.75
Donovan Mitchell,Grayson Allen,JJ Redick,Anthony Davis,Nikola Jokic,Monte Morris,Brandon Clarke,TJ Warren,20200803,49600,356.75
Chris Chiozza,Andre Iguodala,TJ Warren,Dorian Finney-Smith,Kelly Olynyk,Goran Dragic,Luka Doncic,Jusuf Nurkic,20200804,48500,355.75
Mike Conley,Shai Gilgeous-Alexander,Keldon Johnson,Rudy Gay,Rudy Gobert,Derrick White,Jerome Robinson,Ja Morant,20200805,48100,328.5
James Harden,Gary Trent Jr,Kyle Kuzma,Cameron Johnson,Ivica Zubac,Damian Lillard,Khris Middleton,Cameron Payne,20200806,50000,399.0
Jrue Holiday,Bogdan Bogdanovic,Tobias Harris,Rodions Kurucs,Jarrett Allen,Caris LeVert,Luguentz Dort,Troy Brown Jr,20200807,49000,321.5
Donovan Mitchell,Tyler Herro,Duncan Robinson,Carmelo Anthony,Brook Lopez,CJ McCollum,Giannis Antetokounmpo,Jevon Carter,20200808,50000,376.0
Austin Rivers,Caris LeVert,Josh Richardson,Darius Bazley,Serge Ibaka,Damian Lillard,Kawhi Leonard,Jerome Robinson,20200809,48400,408.25
Devin Booker,Tim Hardaway Jr,LeBron James,Darius Bazley,Chris Boucher,Jimmy Butler,Norman Powell,Cameron Payne,20200810,46400,371.25
Damian Lillard,Devin Booker,Harrison Barnes,Carmelo Anthony,Kyle OQuinn,Frank Mason III,Robert Covington,Ja Morant,20200811,49900,403.0
James Harden,Furkan Korkmaz,Paul George,Darius Bazley,Nikola Jokic,Tyler Herro,Edmond Sumner,Jerami Grant,20200812,49900,376.0
Frank Jackson,Caris LeVert,Bogdan Bogdanovic,Vic Law,Jonas Valanciunas,Damian Lillard,Nemanja Bjelica,Josh Hart,20200813,50000,430.5
PJ Dozier,Paul Watson,Hamidou Diallo,Alize Johnson,Jeff Green,James Harden,Stanley Johnson,Solomon Hill,20200814,38800,322.75
Fred VanVleet,Jordan Clarkson,Kawhi Leonard,Jayson Tatum,Ivica Zubac,Donovan Mitchell,Marcus Morris,Joe Harris,20200817,49900,383.5
DJ Augustin,Eric Gordon,Danilo Gallinari,Giannis Antetokounmpo,Steven Adams,Goran Dragic,Jimmy Butler,Nikola Vucevic,20200818,49700,359.25
Fred VanVleet,Joe Harris,Kawhi Leonard,Jayson Tatum,Boban Marjanovic,Norman Powell,Garrett Temple,Jordan Clarkson,20200819,48400,325.75
Shai Gilgeous-Alexander,Eric Gordon,Pat Connaughton,Giannis Antetokounmpo,JaVale McGee,Victor Oladipo,Duncan Robinson,Nikola Vucevic,20200820,49100,316.25
Kemba Walker,Tyler Johnson,Kawhi Leonard,Marcus Morris,Kristaps Porzingis,Seth Curry,Tobias Harris,Shake Milton,20200821,49800,336.0
CJ McCollum,Jimmy Butler,LeBron James,Jae Crowder,Jeff Green,DJ Augustin,Gary Clark,Malcolm Brogdon,20200822,49300,370.75
Kemba Walker,Donovan Mitchell,Norman Powell,Jayson Tatum,Marc Gasol,Jamal Murray,Rodions Kurucs,Serge Ibaka,20200823,50000,396.75
James Harden,Evan Fournier,Victor Oladipo,Mario Hezonja,Myles Turner,Markelle Fultz,Khris Middleton,Dwight Howard,20200824,49600,337.75
Reggie Jackson,Joe Ingles,Kawhi Leonard,Dorian Finney-Smith,Montrezl Harrell,Jamal Murray,Royce ONeale,Nikola Jokic,20200825,49600,306.5
Anfernee Simons,Gary Trent Jr,Kentavious Caldwell-Pope,Jusuf Nurkic,Darius Bazley,CJ McCollum,Robert Covington,LeBron James,20200829,49000,338.5
Donovan Mitchell,Torrey Craig,OG Anunoby,Georges Niang,Ivica Zubac,Jamal Murray,Kawhi Leonard,Daniel Theis,20200830,48800,338.75
Chris Paul,Kyle Korver,Jimmy Butler,Robert Covington,Bam Adebayo,Goran Dragic,Danilo Gallinari,PJ Tucker,20200831,49900,323.5
Kyle Lowry,Joe Ingles,Jayson Tatum,Daniel Theis,Nikola Jokic,Torrey Craig,OG Anunoby,Monte Morris,20200901,49500,280.75
Chris Paul,Eric Gordon,Khris Middleton,Robert Covington,Brook Lopez,Goran Dragic,Luguentz Dort,Jae Crowder,20200902,49000,325.5
Kyle Lowry,Jaylen Brown,Paul George,OG Anunoby,Montrezl Harrell,Kemba Walker,Marcus Morris,Paul Millsap,20200903,50000,309.75
Alex Caruso,Austin Rivers,Eric Gordon,Anthony Davis,Jeff Green,Jimmy Butler,Jae Crowder,Bam Adebayo,20200904,49300,280.25
Fred VanVleet,Gary Harris,Paul George,Jerami Grant,Nikola Jokic,Monte Morris,JaMychal Green,Kyle Lowry,20200905,49500,283.25
Eric Bledsoe,Donte DiVincenzo,Khris Middleton,Anthony Davis,PJ Tucker,LeBron James,Markieff Morris,Rajon Rondo,20200906,49600,346.25
Kemba Walker,Paul George,Jaylen Brown,Daniel Theis,Nikola Jokic,Norman Powell,Chris Boucher,Brad Wanamaker,20200907,49300,278.5
Eric Bledsoe,Tyler Herro,Andre Iguodala,Kelly Olynyk,Brook Lopez,Rajon Rondo,LeBron James,Anthony Davis,20200908,49900,310.25
Landry Shamet,Fred VanVleet,OG Anunoby,Marcus Morris,Ivica Zubac,Kyle Lowry,Norman Powell,Kawhi Leonard,20200909,48500,307.75
Monte Morris,Paul George,Kawhi Leonard,Marcus Morris,Marc Gasol,Patrick Beverley,Paul Millsap,Jayson Tatum,20200911,49300,283.5
Patrick Beverley,Jamal Murray,Torrey Craig,Jae Crowder,Bam Adebayo,Tyler Herro,JaMychal Green,Nikola Jokic,20200915,49100,320.25
Goran Dragic,Jaylen Brown,Duncan Robinson,Daniel Theis,Bam Adebayo,Brad Wanamaker,Jae Crowder,Kemba Walker,20200917,49900,249.5
Monte Morris,Jamal Murray,Kentavious Caldwell-Pope,Anthony Davis,Dwight Howard,LeBron James,Danny Green,Rajon Rondo,20200918,49300,242.0
Marcus Smart,Tyler Herro,Grant Williams,Jayson Tatum,Kelly Olynyk,Jaylen Brown,Duncan Robinson,Bam Adebayo,20200919,49100,271.5
Rajon Rondo,Alex Caruso,Danny Green,Anthony Davis,Nikola Jokic,Monte Morris,Kentavious Caldwell-Pope,Jamal Murray,20200920,49500,256.75
Jamal Murray,Torrey Craig,Kentavious Caldwell-Pope,Jerami Grant,Nikola Jokic,Monte Morris,LeBron James,Alex Caruso,20200922,49500,271.5
Goran Dragic,Tyler Herro,Jimmy Butler,Gordon Hayward,Robert Williams,Jaylen Brown,Andre Iguodala,Kemba Walker,20200923,49800,259.5
Rajon Rondo,Jamal Murray,Torrey Craig,Anthony Davis,Dwight Howard,Kentavious Caldwell-Pope,LeBron James,Monte Morris,20200924,49300,263.75
Marcus Smart,Jaylen Brown,Jimmy Butler,Jayson Tatum,Daniel Theis,Duncan Robinson,Solomon Hill,Andre Iguodala,20200925,48600,268.0
Jamal Murray,Alex Caruso,Jerami Grant,Kyle Kuzma,Nikola Jokic,Monte Morris,LeBron James,Dwight Howard,20200926,50000,278.0
Marcus Smart,Duncan Robinson,Jaylen Brown,Grant Williams,Bam Adebayo,Jimmy Butler,Andre Iguodala,Tyler Herro,20200927,49400,277.75
Dennis Schroder,Paul George,Caris LeVert,Nicolas Batum,Ivica Zubac,Stephen Curry,Montrezl Harrell,James Wiseman,20201222,48700,294.75
Darius Garland,Terry Rozier,Khris Middleton,Brandon Ingram,Bam Adebayo,Malcolm Brogdon,Harrison Barnes,Evan Fournier,20201223,49800,391.25
Kyrie Irving,Duncan Robinson,Khris Middleton,Nicolas Batum,Zion Williamson,Goran Dragic,Bobby Portis,James Wiseman,20201225,49100,341.25
James Harden,Terrence Ross,Jae Crowder,PJ Washington,Andre Drummond,Darius Garland,Chris Boucher,Hassan Whiteside,20201226,49500,378.25
Elfrid Payton,Raul Neto,Rudy Gay,Brandon Ingram,Andre Drummond,Lonzo Ball,Julius Randle,Wendell Carter Jr,20201227,49500,384.25
Mike Conley,Delon Wright,LeBron James,Jerami Grant,Nikola Jokic,Gary Trent Jr,Kyle Anderson,Josh Jackson,20201228,50000,370.5
Kendrick Nunn,Tyrese Haliburton,Reggie Bullock,Julius Randle,Andre Drummond,Kyle Lowry,Tobias Harris,Darius Garland,20201229,49800,358.0
Dejounte Murray,Tyler Herro,Jaylen Brown,Miles Bridges,Bam Adebayo,LaMelo Ball,Kevin Durant,Bogdan Bogdanovic,20201230,49200,396.0
Fred VanVleet,Shake Milton,Josh Hart,Harrison Barnes,Richaun Holmes,Victor Oladipo,Domantas Sabonis,Lonzo Ball,20201231,49000,332.5
Derrick Rose,Keldon Johnson,Kyle Anderson,Bobby Portis,Derrick Favors,Luka Doncic,Giannis Antetokounmpo,Saddiq Bey,20210101,49800,352.25
Malcolm Brogdon,Eric Bledsoe,Tobias Harris,Chris Boucher,Clint Capela,Terry Rozier,Gordon Hayward,Terrence Ross,20210102,49700,378.0
Kyrie Irving,Malik Beasley,Royce ONeale,Bojan Bogdanovic,Thomas Bryant,Stephen Curry,Davis Bertans,Jalen Brunson,20210103,49200,375.5
Malcolm Brogdon,Derrick Rose,Justin Holiday,Julius Randle,Robert Williams,RJ Barrett,Aaron Gordon,DeAndre Hunter,20210104,48900,363.0
Patty Mills,DAngelo Russell,Nicolas Batum,Jarred Vanderbilt,Jarrett Allen,Patrick Beverley,Kawhi Leonard,Nikola Jokic,20210105,48700,395.5
Coby White,Bradley Beal,Kevin Huerter,Gordon Hayward,Richaun Holmes,Tyrese Haliburton,Danny Green,Shai Gilgeous-Alexander,20210106,49400,399.75
Luka Doncic,Joe Harris,Anthony Edwards,Dorian Finney-Smith,Jonas Valanciunas,Shake Milton,Cedi Osman,Caris LeVert,20210107,49500,360.5
Donovan Mitchell,Zach LaVine,Jaylen Brown,Royce ONeale,Chris Boucher,Ben McLemore,Jeff Green,Caris LeVert,20210108,49100,376.5
LaMelo Ball,Damyean Dotson,Cam Reddish,Bobby Portis,Domantas Sabonis,Trey Burke,Jimmy Butler,Nikola Vucevic,20210109,49300,400.75
Patty Mills,Zach LaVine,Talen Horton-Tucker,Kevin Durant,Draymond Green,Donovan Mitchell,Hamidou Diallo,LaMarcus Aldridge,20210110,50000,346.0
Brandon Goodwin,Bradley Beal,Kevin Knox,Pascal Siakam,Robin Lopez,CJ McCollum,Chris Boucher,Richaun Holmes,20210111,49300,349.75
Tyler Herro,Andrew Wiggins,Andre Iguodala,Kevin Durant,Nikola Jokic,Aaron Holiday,Isaac Okoro,Myles Turner,20210112,49600,372.75
Luka Doncic,Gary Trent Jr,Kawhi Leonard,James Johnson,Jusuf Nurkic,Nickeil Alexander-Walker,Buddy Hield,Brandon Clarke,20210113,49500,370.0
Stephen Curry,Terry Rozier,Sterling Brown,JaeSean Tate,Nikola Jokic,Devin Vassell,Chris Boucher,Shake Milton,20210114,47900,366.75
Immanuel Quickley,Luke Kennard,Isaac Okoro,Semi Ojeleye,Andre Drummond,Coby White,Khris Middleton,Zach LaVine,20210115,48800,350.25
James Harden,Norman Powell,Jerami Grant,Kevin Durant,Dwight Howard,Mason Jones,Gary Trent Jr,Clint Capela,20210116,50000,389.5
Eric Bledsoe,Jordan Clarkson,Marcus Morris,Thaddeus Young,Goga Bitadze,DeAaron Fox,Lauri Markkanen,Luka Doncic,20210117,48600,361.25
Derrick Rose,Kevin Huerter,Rodney Hood,DeAndre Hunter,DeAndre Jordan,Zach LaVine,Rudy Gay,Giannis Antetokounmpo,20210118,50000,336.0
Monte Morris,Donovan Mitchell,Will Barton,Paul Millsap,Rudy Gobert,Luguentz Dort,Zion Williamson,Jordan Clarkson,20210119,49700,298.0
Dejounte Murray,Paul George,Jerami Grant,Jaden McDaniels,Deandre Ayton,Kendrick Nunn,Daniel Theis,Marcus Smart,20210120,49800,356.5
Donovan Mitchell,Kentavious Caldwell-Pope,Kent Bazemore,Julius Randle,James Wiseman,Jrue Holiday,LeBron James,Mitchell Robinson,20210121,50000,327.25
Kendrick Nunn,George Hill,Aaron Gordon,Julius Randle,DeMarcus Cousins,Evan Fournier,LaMarcus Aldridge,Clint Capela,20210122,49900,345.0
Eric Bledsoe,Andrew Wiggins,Ben Simmons,Anthony Davis,DeMarcus Cousins,Wayne Ellington,Eric Gordon,Bojan Bogdanovic,20210123,49800,341.5
Immanuel Quickley,Devin Vassell,OG Anunoby,Giannis Antetokounmpo,Gary Clark,Jerome Robinson,Gordon Hayward,Kawhi Leonard,20210124,49000,354.5
Anfernee Simons,Delon Wright,LeBron James,Gordon Hayward,Nikola Vucevic,TJ McConnell,Thaddeus Young,Malik Beasley,20210125,49900,387.75
Reggie Jackson,Austin Rivers,Royce ONeale,DeAndre Hunter,Rudy Gobert,Mike Conley,John Collins,DeMarcus Cousins,20210126,49300,330.75
Jordan Clarkson,Collin Sexton,Brandon Ingram,Zion Williamson,Cody Zeller,Buddy Hield,Joe Ingles,Rudy Gobert,20210127,49400,381.75
Damian Lillard,Gabe Vincent,Kyle Kuzma,Jae Crowder,Frank Kaminsky,Victor Oladipo,LeBron James,Mason Plumlee,20210128,49800,331.5
Lonzo Ball,James Harden,Josh Hart,Juwan Morgan,Giannis Antetokounmpo,Theo Maledon,Tobias Harris,Darius Bazley,20210129,49000,348.25
Chris Paul,Nickeil Alexander-Walker,Josh Jackson,Giannis Antetokounmpo,Montrezl Harrell,LaMelo Ball,Pat Connaughton,Jimmy Butler,20210130,48900,366.75
Immanuel Quickley,Joe Harris,Anthony Edwards,Pascal Siakam,Andre Drummond,Landry Shamet,Jeff Green,Russell Westbrook,20210131,48900,372.75
Chris Paul,Malik Monk,Nassir Little,Julius Randle,Jarrett Allen,DeAaron Fox,Keldon Johnson,DeAnthony Melton,20210201,47600,419.0
Fred VanVleet,Desmond Bane,Kawhi Leonard,Robert Covington,Domantas Sabonis,Kyle Lowry,DeAndre Bembry,Josh Jackson,20210202,49500,374.5
Elfrid Payton,Paul George,Darius Bazley,John Collins,Bobby Portis,Kevin Huerter,Jayson Tatum,Ivica Zubac,20210203,49500,379.25
Luka Doncic,Damion Lee,JaeSean Tate,Juan Toscano-Anderson,Draymond Green,Gary Trent Jr,LeBron James,Carmelo Anthony,20210204,48800,326.25
LaMelo Ball,Justin Holiday,Isaac Okoro,Bojan Bogdanovic,Al Horford,Kendrick Nunn,Pascal Siakam,Nikola Vucevic,20210205,49400,415.25
Elfrid Payton,Shai Gilgeous-Alexander,Josh Jackson,Jerami Grant,Mike Muscala,Cole Anthony,Draymond Green,Stephen Curry,20210206,49400,377.25
Terry Rozier,Donovan Mitchell,Miles Bridges,Frank Kaminsky,Kelly Olynyk,Reggie Bullock,Julius Randle,DeAaron Fox,20210207,49800,331.5
Dejounte Murray,Malik Beasley,Khris Middleton,Darius Bazley,Chris Boucher,ETwaun Moore,Draymond Green,Devin Booker,20210208,49900,387.75
DeAaron Fox,Bruce Brown,Jimmy Butler,Eric Paschall,Nikola Vucevic,Donovan Mitchell,Sterling Brown,Josh Hart,20210209,49600,378.25
Kira Lewis Jr,Terry Rozier,Kawhi Leonard,Paul Millsap,Frank Kaminsky,Zach LaVine,Kenrich Williams,Al Horford,20210210,48200,368.0
Payton Pritchard,Andrew Wiggins,Jimmy Butler,Daniel Theis,Domantas Sabonis,Stephen Curry,Dwayne Bacon,Semi Ojeleye,20210211,50000,349.5
Troy Brown Jr,Terry Rozier,Saddiq Bey,Kyle Kuzma,Kristaps Porzingis,Luka Doncic,Michael Carter-Williams,Malik Beasley,20210212,49300,379.25
TJ McConnell,James Harden,Royce ONeale,Doug McDermott,Myles Turner,Malcolm Brogdon,Danilo Gallinari,Eric Gordon,20210213,47700,326.0
Patrick Beverley,Terry Rozier,Marcus Morris,Giannis Antetokounmpo,Bobby Portis,Justin Jackson,Jarred Vanderbilt,Damian Lillard,20210214,49300,361.25
Ben Simmons,David Nwaba,Jimmy Butler,Tobias Harris,Hassan Whiteside,Jordan Clarkson,Cedi Osman,Bam Adebayo,20210215,49300,444.0
Facundo Campazzo,Luguentz Dort,LeBron James,Giannis Antetokounmpo,Isaiah Roby,Anthony Edwards,Josh Hart,Jeff Green,20210216,49600,365.5
Jamal Murray,Terrence Ross,Kyle Anderson,Davis Bertans,Mike Muscala,Malcolm Brogdon,Domantas Sabonis,Tristan Thompson,20210217,50000,405.25
Alex Caruso,Norman Powell,Jimmy Butler,Nemanja Bjelica,Pascal Siakam,Tyler Herro,Kelly Olynyk,Bam Adebayo,20210218,49100,326.0
Lonzo Ball,Desmond Bane,Danny Green,Chuma Okeke,Mason Plumlee,Kemba Walker,Jayson Tatum,Joel Embiid,20210219,50000,366.0
Kendrick Nunn,Terry Rozier,Mikal Bridges,Patrick Williams,Robert Covington,Damian Lillard,Thaddeus Young,Cameron Payne,20210220,49900,333.25
Saben Lee,Khris Middleton,Bruce Brown,Giannis Antetokounmpo,DeAndre Jordan,Trae Young,Danny Green,Monte Morris,20210221,49800,364.0
Kendrick Nunn,Bradley Beal,David Nwaba,Dario Saric,Wendell Carter Jr,Devin Booker,Joe Ingles,Coby White,20210222,48900,350.5
Saben Lee,Tyrese Haliburton,Jaylen Brown,Isaac Okoro,Giannis Antetokounmpo,James Harden,James Johnson,Furkan Korkmaz,20210223,49800,350.25
Dejounte Murray,Malik Monk,Danilo Gallinari,Bojan Bogdanovic,Jarrett Allen,Shai Gilgeous-Alexander,Anthony Edwards,Tony Snell,20210224,47300,368.0
DeAaron Fox,Raul Neto,Khris Middleton,Giannis Antetokounmpo,Dwight Howard,Donte DiVincenzo,Harrison Barnes,Immanuel Quickley,20210225,49000,360.0
Theo Maledon,Norman Powell,Jimmy Butler,Daniel Theis,Draymond Green,Kyle Lowry,Justin Holiday,PJ Washington,20210226,49400,369.75
TJ McConnell,Derrick Rose,DeMar DeRozan,Isaiah Roby,Nikola Jokic,Eric Bledsoe,Isaac Okoro,Dorian Finney-Smith,20210227,49100,353.5
Kemba Walker,Desmond Bane,Davis Bertans,PJ Washington,Clint Capela,Kendrick Nunn,Harrison Barnes,John Collins,20210228,47900,366.0
Jalen Brunson,Evan Fournier,Cody Martin,Carmelo Anthony,Robert Covington,Collin Sexton,Bojan Bogdanovic,James Harden,20210301,50000,388.75
Ja Morant,DeAnthony Melton,Khris Middleton,Dario Saric,Nerlens Noel,Reggie Jackson,Brandon Clarke,Nikola Jokic,20210302,48300,341.0
Victor Oladipo,Collin Sexton,Norman Powell,Danilo Gallinari,Justin Patton,TJ McConnell,Kyle Kuzma,Dennis Smith Jr,20210303,47900,416.0
DeAaron Fox,Bradley Beal,Luke Kennard,Jayson Tatum,Trey Lyles,Dillon Brooks,Kelly Olynyk,Cameron Payne,20210304,48600,374.5
Luka Doncic,Garrison Mathews,Desmond Bane,DeMar DeRozan,Jonas Valanciunas,Justise Winslow,Rudy Gay,Ja Morant,20210310,49500,326.25
Kyrie Irving,Buddy Hield,Jimmy Butler,Daniel Theis,Kelly Olynyk,Jaylen Nowell,Jaden McDaniels,Tim Hardaway Jr,20210311,47700,362.5
Donovan Mitchell,Malcolm Brogdon,Kyle Kuzma,Markieff Morris,Nikola Jokic,Patty Mills,Danny Green,Kenyon Martin Jr,20210312,49800,328.5
Donte DiVincenzo,Anthony Edwards,DeAndre Bembry,Rui Hachimura,Domantas Sabonis,James Harden,Rodney McGruder,Carmelo Anthony,20210313,48900,353.0
Tomas Satoransky,Tyler Herro,Patrick Williams,Draymond Green,Rudy Gobert,Terrence Ross,Nathan Knight,Nikola Vucevic,20210314,47700,391.0
Luka Doncic,Donte DiVincenzo,Marcus Morris,Jae Crowder,Richaun Holmes,Reggie Bullock,Talen Horton-Tucker,Nikola Jokic,20210315,48400,354.75
Damian Lillard,Zach LaVine,Talen Horton-Tucker,Kelly Olynyk,Moses Brown,Ricky Rubio,JaeSean Tate,Daniel Theis,20210316,49300,387.0
Patty Mills,Jordan Poole,Josh Richardson,Domantas Sabonis,Draymond Green,James Harden,Saddiq Bey,Donte DiVincenzo,20210317,50000,387.25
Frank Ntilikina,Joe Ingles,Alec Burks,Julius Randle,Markieff Morris,Anthony Edwards,Mikal Bridges,Karl-Anthony Towns,20210318,49100,367.25
CJ McCollum,Joe Harris,Aaron Gordon,Richaun Holmes,Thaddeus Young,TJ McConnell,Andrew Wiggins,Keldon Johnson,20210319,48200,402.5
Donte DiVincenzo,Jordan Poole,Kent Bazemore,Juan Toscano-Anderson,Giannis Antetokounmpo,Buddy Hield,Keldon Johnson,DeMar DeRozan,20210320,49800,330.0
Chris Paul,Nickeil Alexander-Walker,Aleksej Pokusevski,OG Anunoby,Mason Plumlee,Collin Sexton,Talen Horton-Tucker,Nikola Jokic,20210321,49200,336.25
John Wall,Jrue Holiday,Luke Kennard,Bobby Portis,Richaun Holmes,Fred VanVleet,Sterling Brown,Jaylen Brown,20210322,48300,386.0
Nickeil Alexander-Walker,Kira Lewis Jr,Al-Farouq Aminu,Brandon Ingram,Tony Bradley,James Harden,Tobias Harris,Deandre Ayton,20210323,48500,357.5
Jalen Brunson,Caris LeVert,Bogdan Bogdanovic,Alize Johnson,Moses Brown,Devin Booker,Kristaps Porzingis,Clint Capela,20210324,46900,373.75
CJ McCollum,Kentavious Caldwell-Pope,RJ Barrett,Carmelo Anthony,Richaun Holmes,DeAaron Fox,Danny Green,Tyler Herro,20210325,48800,372.25
Ja Morant,Eric Bledsoe,Trevor Ariza,Robert Covington,Zion Williamson,Jamal Murray,Khem Birch,John Collins,20210326,49600,404.75
DeAaron Fox,Immanuel Quickley,Tim Hardaway Jr,Jordan Nwora,Moses Brown,Jordan Clarkson,Alec Burks,Paul George,20210327,48300,368.5
Dennis Schroder,CJ McCollum,Dwayne Bacon,Kyle Kuzma,Robert Covington,Alex Caruso,JaMychal Green,Montrezl Harrell,20210328,48800,317.25
Russell Westbrook,Josh Hart,Jaden McDaniels,Jayson Tatum,Kelly Olynyk,Hamidou Diallo,Luke Kennard,Richaun Holmes,20210329,49300,405.25
Russell Westbrook,Jerome Robinson,Bogdan Bogdanovic,Gordon Hayward,Cody Zeller,Michael Carter-Williams,Rui Hachimura,Jamal Murray,20210330,49900,356.75
Jrue Holiday,Devin Booker,Hamidou Diallo,OG Anunoby,Thaddeus Young,Jalen Brunson,Joe Harris,Mike Conley,20210331,48200,361.75
Shake Milton,Bogdan Bogdanovic,Josh Jackson,Draymond Green,Dwight Howard,Stephen Curry,Jeff Green,LaMarcus Aldridge,20210401,45900,363.75
Theo Maledon,Bogdan Bogdanovic,Miles Bridges,Aleksej Pokusevski,Pascal Siakam,Anthony Edwards,Gary Trent Jr,Jrue Holiday,20210402,49500,364.5
Elfrid Payton,Jrue Holiday,Terence Davis,Tobias Harris,Karl-Anthony Towns,TJ McConnell,Reggie Bullock,Donte DiVincenzo,20210403,48800,375.75
Lonzo Ball,Grayson Allen,Aaron Gordon,James Johnson,Nikola Jokic,Tomas Satoransky,Kelly Olynyk,Chuma Okeke,20210404,49000,351.0
Mike Conley,Kyrie Irving,Davis Bertans,Julius Randle,Deandre Ayton,Malachi Flynn,DeAndre Bembry,Darius Garland,20210405,49800,379.5
Trae Young,Norman Powell,Saddiq Bey,Kyle Anderson,Bam Adebayo,Paul George,Jeremy Lamb,James Wiseman,20210406,49300,340.5
Theo Maledon,Aaron Holiday,Jaylen Brown,Jalen McDaniels,Karl-Anthony Towns,John Wall,Kenrich Williams,TJ McConnell,20210407,48400,369.25
Rajon Rondo,Kentavious Caldwell-Pope,Jimmy Butler,Taurean Prince,Kristaps Porzingis,Donovan Mitchell,Bobby Portis,Chris Boucher,20210408,48500,382.5
Trae Young,Reggie Jackson,Miles Bridges,Jordan Nwora,Cody Zeller,Zach LaVine,Zion Williamson,Josh Okogie,20210409,46400,400.75
Malachi Flynn,Furkan Korkmaz,Gary Trent Jr,Richaun Holmes,Isaiah Hartenstein,Stephen Curry,Buddy Hield,Tony Bradley,20210410,46600,377.5
Cory Joseph,Caris LeVert,Bogdan Bogdanovic,Saddiq Bey,Nikola Jokic,Malcolm Brogdon,Marcus Morris,Nerlens Noel,20210411,49300,386.5
Stephen Curry,Facundo Campazzo,Brandon Ingram,Bojan Bogdanovic,Jonas Valanciunas,Furkan Korkmaz,Jae Crowder,Draymond Green,20210412,49800,355.25
Mike Conley,CJ McCollum,Luguentz Dort,Georges Niang,Clint Capela,Paul George,Marcus Morris,Caleb Martin,20210413,48700,376.25
Malcolm Brogdon,Naji Marshall,Aaron Gordon,Taj Gibson,Hassan Whiteside,Stephen Curry,Tobias Harris,Draymond Green,20210414,49200,357.0
Chris Paul,Bogdan Bogdanovic,Jaylen Brown,Solomon Hill,Juan Toscano-Anderson,Collin Sexton,Talen Horton-Tucker,Darius Garland,20210415,49700,337.0
Terry Rozier,Paul Watson,Jimmy Butler,Miles Bridges,Vernon Carey Jr,Coby White,Naji Marshall,Paul George,20210416,47800,398.0
Stephen Curry,Desmond Bane,Dillon Brooks,Rudy Gay,Isaiah Stewart,Grayson Allen,Jayson Tatum,Darius Garland,20210417,48400,359.5
Terry Rozier,Gary Trent Jr,Kevin Huerter,Carmelo Anthony,PJ Washington,Trae Young,Edmond Sumner,Clint Capela,20210418,50000,390.0
Kendrick Nunn,Duncan Robinson,Talen Horton-Tucker,Andre Iguodala,Joel Embiid,Ja Morant,Jayson Tatum,DeAnthony Melton,20210419,49500,403.5
Bruce Brown,Delon Wright,Miles Bridges,Jeff Green,Karl-Anthony Towns,Anthony Edwards,Naji Marshall,DAngelo Russell,20210420,50000,339.5
Kyrie Irving,Terance Mann,Luke Kennard,Oshae Brissett,Clint Capela,Caris LeVert,Buddy Hield,Mason Plumlee,20210421,49500,402.75
Derrick White,Kentavious Caldwell-Pope,Josh Jackson,Giannis Antetokounmpo,Jakob Poeltl,Devin Cannady,Bobby Portis,Chris Paul,20210422,49800,351.75
Ja Morant,CJ McCollum,Joe Harris,Juan Toscano-Anderson,DeAndre Jordan,Paul George,Trevor Ariza,Darius Garland,20210423,50000,343.75
Fred VanVleet,Denzel Valentine,PJ Dozier,Bojan Bogdanovic,Kelly Olynyk,Coby White,Giannis Antetokounmpo,Mason Plumlee,20210424,48700,384.5
Tyrese Haliburton,Kyrie Irving,Cody Martin,Draymond Green,Jarrett Allen,Devin Booker,Torrey Craig,Edmond Sumner,20210425,49900,367.25
Dejounte Murray,DAngelo Russell,Jimmy Butler,Trevor Ariza,Daniel Theis,Mike Conley,Keldon Johnson,Ty Jerome,20210426,48300,368.25
Payton Pritchard,Mychal Mulder,Jaylen Brown,Giannis Antetokounmpo,Christian Wood,Anfernee Simons,Oshae Brissett,Kelly Olynyk,20210427,48500,409.5
Lonzo Ball,Devonte Graham,Norman Powell,Jayson Tatum,Alex Len,Aaron Nesmith,RJ Barrett,Chris Paul,20210428,49100,388.0
Jrue Holiday,Khris Middleton,Alize Johnson,Oshae Brissett,Christian Wood,Ricky Rubio,Tim Hardaway Jr,Kevin Durant,20210429,49500,427.25
RJ Hampton,Jordan Poole,Saddiq Bey,Domantas Sabonis,Moritz Wagner,Frank Jackson,Luka Doncic,Lonzo Ball,20210501,47900,426.75
Kyle Lowry,Derrick Rose,Torrey Craig,Trevor Ariza,Kelly Olynyk,Damian Lillard,Pascal Siakam,Seth Curry,20210502,49000,388.75
Russell Westbrook,Desmond Bane,Rudy Gay,Davis Bertans,Draymond Green,TJ McConnell,Domantas Sabonis,RJ Hampton,20210503,48400,410.0
Chris Paul,Delon Wright,Tim Hardaway Jr,Kevin Durant,Dwight Powell,Fred VanVleet,Darius Bazley,Hamidou Diallo,20210504,48100,413.75
Delon Wright,Facundo Campazzo,Bradley Beal,Kenyon Martin Jr,Kelly Olynyk,Austin Rivers,Danilo Gallinari,Anthony Edwards,20210505,46500,408.75
Kyrie Irving,Caris LeVert,Garrett Temple,Kyle Kuzma,Dwight Powell,Cory Joseph,Danilo Gallinari,Trae Young,20210506,49900,380.75
Eric Bledsoe,Terry Rozier,Terence Davis,Bojan Bogdanovic,Kelly Olynyk,Tyler Herro,RJ Barrett,Kenyon Martin Jr,20210507,48600,360.25
Russell Westbrook,Tyrese Maxey,JaeSean Tate,Georges Niang,Dwight Howard,Armoni Brooks,Kenyon Martin Jr,Kevin Durant,20210508,48800,387.25
DAngelo Russell,Terry Rozier,Terence Davis,Chimezie Metu,Dwight Powell,Derrick Rose,Anthony Davis,Eric Bledsoe,20210509,49700,389.25
CJ McCollum,Jordan Clarkson,Bojan Bogdanovic,Dean Wade,Domantas Sabonis,Isaac Okoro,Chandler Hutchison,John Collins,20210510,50000,374.75
Kemba Walker,Derrick Rose,Bruce Brown,Draymond Green,Domantas Sabonis,Tyler Herro,Brandon Clarke,Evan Fournier,20210511,49200,377.0
Dejounte Murray,Kira Lewis Jr,Kyle Kuzma,Kevin Love,Jusuf Nurkic,Jordan Clarkson,Talen Horton-Tucker,Trae Young,20210512,49900,363.5
Jrue Holiday,Terence Davis,Stanley Johnson,Giannis Antetokounmpo,Lauri Markkanen,Damian Lillard,Alec Burks,Justin Holiday,20210513,49300,419.25
Nickeil Alexander-Walker,Josh Jackson,Justise Winslow,Ignas Brazdeikis,Nikola Jokic,Jordan Poole,Hamidou Diallo,Luka Doncic,20210514,49700,393.75
Devonte Graham,Caris LeVert,Miles Bridges,Patrick Williams,Thaddeus Young,Tremont Waters,Anthony Davis,Drew Eubanks,20210515,48000,339.5
Stephen Curry,DAngelo Russell,Kevin Durant,Paul Reed,Moses Brown,Tyrese Maxey,Jordan Nwora,Jevon Carter,20210516,44900,448.25
TJ McConnell,Terry Rozier,Kelan Martin,Jayson Tatum,Goga Bitadze,Kemba Walker,Miles Bridges,Doug McDermott,20210518,49700,324.25
Alex Caruso,Dillon Brooks,Andrew Wiggins,Keldon Johnson,Jonas Valanciunas,LeBron James,Rudy Gay,Dejounte Murray,20210519,48900,335.0
Damian Lillard,Anfernee Simons,Kawhi Leonard,Dorian Finney-Smith,Robert Williams,Rajon Rondo,Luka Doncic,Duncan Robinson,20210522,49800,343.5
Mike Conley,Devin Booker,Tobias Harris,Bojan Bogdanovic,Derrick Favors,Dillon Brooks,Alec Burks,Deandre Ayton,20210523,48600,365.75
Damian Lillard,Bryn Forbes,Aaron Gordon,Paul Millsap,Nikola Jokic,Monte Morris,Giannis Antetokounmpo,Dewayne Dedmon,20210524,50000,337.25
Reggie Jackson,Paul George,Kawhi Leonard,Maxi Kleber,Deandre Ayton,Cameron Payne,Anthony Davis,Marcus Smart,20210525,49500,345.75
Ja Morant,Derrick Rose,Kevin Huerter,Royce ONeale,Taj Gibson,Ben Simmons,Bradley Beal,Rudy Gobert,20210526,49700,326.0
Cameron Payne,Austin Rivers,Jimmy Butler,Nemanja Bjelica,Deandre Ayton,Facundo Campazzo,Robert Covington,Nikola Jokic,20210527,47600,303.0
Jalen Brunson,Romeo Langford,DeAndre Hunter,Jayson Tatum,Nerlens Noel,James Harden,Kawhi Leonard,Derrick Rose,20210528,50000,337.5
Kendrick Nunn,Norman Powell,Grayson Allen,Tobias Harris,Brook Lopez,Mike Conley,Giannis Antetokounmpo,Bam Adebayo,20210529,49800,333.25
Kyrie Irving,James Harden,Jae Crowder,Jayson Tatum,Marc Gasol,Marcus Smart,Obi Toppin,Jabari Parker,20210530,49500,346.25
Ja Morant,Dillon Brooks,Tobias Harris,Royce ONeale,Daniel Gafford,Russell Westbrook,Rui Hachimura,DeAnthony Melton,20210531,50000,334.25
Talen Horton-Tucker,James Harden,Romeo Langford,Jabari Parker,Jusuf Nurkic,Damian Lillard,Robert Covington,Devin Booker,20210601,49800,364.0
Jordan Clarkson,Seth Curry,Tobias Harris,Marcus Morris,Dwight Howard,Luka Doncic,Dillon Brooks,Royce ONeale,20210602,50000,348.5
Damian Lillard,Monte Morris,Cameron Johnson,Jae Crowder,Robert Covington,Devin Booker,LeBron James,Kentavious Caldwell-Pope,20210603,50000,350.75
Ben Simmons,Terance Mann,Nicolas Batum,Marcus Morris,Joel Embiid,Kevin Huerter,Luka Doncic,Boban Marjanovic,20210606,49600,342.5
Chris Paul,Devin Booker,Mikal Bridges,Aaron Gordon,Deandre Ayton,Mike James,JaMychal Green,Kevin Durant,20210607,49800,297.75
Jordan Clarkson,Kevin Huerter,Tobias Harris,Danilo Gallinari,Joel Embiid,Donovan Mitchell,Royce ONeale,Luke Kennard,20210608,49100,312.5
Donovan Mitchell,Khris Middleton,Bruce Brown,Marcus Morris,Brook Lopez,Paul George,Joe Ingles,Reggie Jackson,20210610,48600,317.75
Trae Young,Monte Morris,Will Barton,Jae Crowder,Dwight Howard,Chris Paul,Furkan Korkmaz,Nikola Jokic,20210611,49700,299.5
Chris Paul,Devin Booker,Khris Middleton,Kevin Durant,JaVale McGee,Monte Morris,Will Barton,PJ Tucker,20210613,49900,322.5
Donovan Mitchell,Paul George,Joe Ingles,Bojan Bogdanovic,Ivica Zubac,Trae Young,Nicolas Batum,Marcus Morris,20210614,49900,314.0
Reggie Jackson,Seth Curry,Bojan Bogdanovic,Nicolas Batum,John Collins,Paul George,Marcus Morris,Joel Embiid,20210616,50000,373.25
Donovan Mitchell,Terance Mann,Nicolas Batum,Royce ONeale,Clint Capela,Reggie Jackson,Kevin Huerter,Trae Young,20210618,48500,391.0
Reggie Jackson,Devin Booker,Cameron Johnson,Tobias Harris,Joel Embiid,Rajon Rondo,Kevin Huerter,Cameron Payne,20210620,49600,343.75
Reggie Jackson,Paul George,Marcus Morris,Dario Saric,Deandre Ayton,Cameron Payne,Cameron Johnson,Ivica Zubac,20210622,44000,261.5
Trae Young,Pat Connaughton,Solomon Hill,Giannis Antetokounmpo,Clint Capela,Jrue Holiday,Bobby Portis,PJ Tucker,20210623,48600,311.25
Chris Paul,Paul George,Cameron Johnson,Marcus Morris,Ivica Zubac,Reggie Jackson,Mikal Bridges,Deandre Ayton,20210624,48000,279.75
Bogdan Bogdanovic,Jrue Holiday,Pat Connaughton,Giannis Antetokounmpo,Bobby Portis,Khris Middleton,PJ Tucker,Brook Lopez,20210625,49600,221.75
Reggie Jackson,Paul George,Mikal Bridges,Jae Crowder,Ivica Zubac,Chris Paul,Nicolas Batum,Deandre Ayton,20210626,49500,269.25
Bogdan Bogdanovic,Khris Middleton,Kevin Huerter,Bobby Portis,Giannis Antetokounmpo,Pat Connaughton,Danilo Gallinari,Clint Capela,20210627,49900,280.25
Reggie Jackson,Paul George,Cameron Johnson,Marcus Morris,Deandre Ayton,Devin Booker,Jae Crowder,DeMarcus Cousins,20210628,49300,282.0
Jrue Holiday,Bogdan Bogdanovic,Cam Reddish,Bobby Portis,John Collins,Khris Middleton,Kevin Huerter,Clint Capela,20210629,49900,237.5
Chris Paul,Reggie Jackson,Torrey Craig,Jae Crowder,DeMarcus Cousins,Devin Booker,Marcus Morris,Deandre Ayton,20210630,48500,295.75
Bogdan Bogdanovic,Jrue Holiday,PJ Tucker,John Collins,Brook Lopez,Khris Middleton,Kevin Huerter,Bobby Portis,20210701,48700,342.75
