PF,SF,F,UTIL,SG,G,C,PG,Date,Predicted,Actual
Anthony Davis,Kentavious Caldwell-Pope,Kawhi Leonard,Jrue Holiday,Josh Hart,Frank Jackson,JaVale McGee,Nickeil Alexander-Walker,20191022,219.71241922399952,205.25
Kristaps Porzingis,Semi Ojeleye,Bogdan Bogdanovic,Joel Embiid,Gary Harris,Garrison Mathews,Karl-Anthony Towns,Yogi Ferrell,20191023,231.09042665283363,180.0
Giannis Antetokounmpo,Terance Mann,Kawhi Leonard,James Harden,Jordan Poole,Damion Lee,Brook Lopez,Ky Bowman,20191024,230.38626985429013,212.25
Anthony Davis,LeBron James,Michael Kidd-Gilchrist,Justin James,JJ Redick,Nigel Williams-Goss,Karl-Anthony Towns,Cody Martin,20191025,230.21935566076942,218.75
Pascal Siakam,Kawhi Leonard,John Collins,James Harden,Brad Wanamaker,Denzel Valentine,Damian Jones,Shaquille Harrison,20191026,230.51022373229506,194.0
Anthony Davis,LeBron James,David Nwaba,Karl-Anthony Towns,Garrett Temple,Quinn Cook,Skal Labissiere,Jalen Brunson,20191027,231.67938960450545,222.0
Kawhi Leonard,Giannis Antetokounmpo,Tyler Cook,Mfiondu Kabengele,James Harden,Furkan Korkmaz,Chris Boucher,Coby White,20191028,229.33695892816775,182.0
Anthony Davis,Jared Dudley,LeBron James,Nikola Jokic,Gary Harris,Seth Curry,Bruno Caboclo,DeAnthony Melton,20191029,229.2767453723602,218.0
Giannis Antetokounmpo,Theo Pinson,Furkan Korkmaz,Joel Embiid,James Harden,Damion Lee,Jonah Bolden,Markelle Fultz,20191030,228.61111700438465,212.75
Kawhi Leonard,Jarred Vanderbilt,Montrezl Harrell,Nikola Jokic,Jrue Holiday,Duncan Robinson,Chris Silva,Monte Morris,20191031,228.3577038445753,219.75
Anthony Davis,Giannis Antetokounmpo,LeBron James,Aaron Holiday,Brad Wanamaker,Troy Daniels,Vincent Poirier,George Hill,20191101,232.55773529865263,244.5
Rui Hachimura,Giannis Antetokounmpo,Gorgui Dieng,Nikola Jokic,Kyle Korver,Raul Neto,Bismack Biyombo,DJ Augustin,20191102,211.30308636021184,186.5
Anthony Davis,Kawhi Leonard,Wenyen Gabriel,Caleb Swanigan,Yogi Ferrell,James Harden,Ryan Anderson,Jordan Clarkson,20191103,229.52668581113207,179.75
Rui Hachimura,Giannis Antetokounmpo,Furkan Korkmaz,CJ Miles,JJ Redick,Langston Galloway,DJ Wilson,James Harden,20191104,215.98942258291206,246.25
Anthony Davis,LeBron James,TJ Warren,Vince Carter,Matthew Dellavedova,Troy Daniels,Damian Jones,Trae Young,20191105,233.25253320362827,258.5
Georges Niang,Giannis Antetokounmpo,Chandler Hutchison,Jaylen Nowell,James Harden,Chris Clemons,Tyson Chandler,Trae Young,20191106,231.9642452487628,189.75
Trey Lyles,Kawhi Leonard,Cheick Diallo,Kemba Walker,Mikal Bridges,Damian Lillard,Patrick Patterson,Goran Dragic,20191107,226.45649318939476,207.75
Brandon Ingram,Giannis Antetokounmpo,LeBron James,Sterling Brown,Damion Lee,Tyrone Wallace,Chris Silva,DeAnthony Melton,20191108,234.99759033985387,183.25
Wendell Carter Jr,Brandon Ingram,Solomon Hill,Luka Doncic,James Harden,Chris Clemons,Luke Kornet,DeAnthony Melton,20191109,230.81669449651002,256.5
Anthony Davis,Giannis Antetokounmpo,LeBron James,Stanley Johnson,Donte DiVincenzo,Troy Daniels,Jonah Bolden,Alex Caruso,20191110,234.41933043535084,212.0
Pascal Siakam,Kawhi Leonard,Thon Maker,ETwaun Moore,James Harden,Javonte Green,Tyson Chandler,Derrick White,20191111,225.65662123557746,226.75
Anthony Davis,LeBron James,Nassir Little,Abdel Nader,Matthew Dellavedova,Damian Lillard,Chris Silva,Rajon Rondo,20191112,230.91732821541507,206.75
Marquese Chriss,LeBron James,Rodney McGruder,Terance Mann,James Harden,DAngelo Russell,Kyle OQuinn,Cody Martin,20191113,227.90858331206087,216.5
Nicolo Melli,Giannis Antetokounmpo,Allen Crabbe,Seth Curry,Luka Doncic,Trae Young,Cheick Diallo,Tyler Johnson,20191114,232.5222269706533,224.0
Jordan Bell,LeBron James,Gary Clark,DaQuan Jeffries,James Harden,DAngelo Russell,Isaiah Hartenstein,Cody Martin,20191115,227.8787155266965,191.5
Thanasis Antetokounmpo,Giannis Antetokounmpo,Evan Turner,Wayne Ellington,James Harden,Jimmy Butler,TJ Leaf,Seth Curry,20191116,233.10090721266,248.0
Nemanja Bjelica,LeBron James,Nicolo Melli,Alfonzo McKinnie,Bradley Beal,Jaylen Brown,Bruno Fernando,DeAnthony Melton,20191117,220.29153881417898,273.75
Alfonzo McKinnie,Giannis Antetokounmpo,DeMarre Carroll,Theo Pinson,James Harden,Russell Westbrook,Robert Williams,Elie Okobo,20191118,233.05867684415438,245.75
Cheick Diallo,LeBron James,Anthony Davis,Deonte Burton,Jrue Holiday,DeAnthony Melton,Bruno Caboclo,Dennis Schroder,20191119,231.679227044149,216.75
Vince Carter,Giannis Antetokounmpo,Pascal Siakam,Dante Exum,James Harden,Malcolm Miller,Tyler Cook,Evan Turner,20191120,233.36744557708641,183.0
James Johnson,LeBron James,Jimmy Butler,Harry Giles,James Harden,Max Strus,Bruno Fernando,Austin Rivers,20191122,233.51168191852406,213.25
Georges Niang,Giannis Antetokounmpo,LeBron James,Wayne Ellington,CJ McCollum,Matt Thomas,Tony Bradley,Dante Exum,20191123,231.08809663486127,203.0
Patrick Patterson,Kawhi Leonard,Bogdan Bogdanovic,Admiral Schofield,Bradley Beal,Damyean Dotson,Dewayne Dedmon,Lonzo Ball,20191124,219.05280517732936,166.25
Georges Niang,Giannis Antetokounmpo,LeBron James,Marko Guduric,Donovan Mitchell,Denzel Valentine,TJ Leaf,Emmanuel Mudiay,20191125,231.4930056109894,248.75
Grant Williams,Giannis Antetokounmpo,Andrew Wiggins,Jerome Robinson,James Harden,Allonzo Trier,Harry Giles,Matthew Dellavedova,20191127,230.89314605395384,178.0
Darius Bazley,Giannis Antetokounmpo,Luka Doncic,Deonte Burton,Devin Booker,Isaac Bonga,Ed Davis,Seth Curry,20191129,228.92638933699595,225.75
Goga Bitadze,Giannis Antetokounmpo,Domantas Sabonis,Vince Carter,James Harden,Kyle Korver,Dragan Bender,Raul Neto,20191130,229.62026384909294,217.25
Brandon Ingram,Luka Doncic,LeBron James,Thon Maker,Marko Guduric,Malcolm Miller,Bobby Portis,Grayson Allen,20191201,228.33227025866398,211.75
Goga Bitadze,Giannis Antetokounmpo,Dwayne Bacon,Ty Jerome,Devin Booker,Trae Young,Daniel Gafford,Malik Monk,20191202,228.05227491655344,179.5
Blake Griffin,Kawhi Leonard,Admiral Schofield,Michael Carter-Williams,James Harden,Troy Daniels,Meyers Leonard,Frank Jackson,20191203,206.59848118940067,193.75
Amile Jefferson,Giannis Antetokounmpo,Luka Doncic,Doug McDermott,Spencer Dinwiddie,Troy Daniels,Vincent Poirier,Jevon Carter,20191204,225.80234477430162,167.75
Cameron Johnson,Ben McLemore,Wayne Ellington,Joel Embiid,James Harden,Russell Westbrook,Ian Mahinmi,Trey Burke,20191205,227.254733548636,253.25
Thon Maker,Giannis Antetokounmpo,Dwayne Bacon,Karl-Anthony Towns,Jaylen Brown,Monte Morris,Jordan Bell,Ryan Arcidiacono,20191206,207.26691937215128,186.5
Alfonzo McKinnie,Ben Simmons,Goga Bitadze,Jae Crowder,James Harden,Russell Westbrook,Tony Bradley,Tyler Johnson,20191207,226.68302525972842,229.0
Noah Vonleh,Luka Doncic,LeBron James,Terance Mann,Bradley Beal,Dwayne Bacon,Daniel Gafford,Theo Pinson,20191208,224.71981258890446,165.0
Grant Williams,Giannis Antetokounmpo,Chris Boucher,Goga Bitadze,James Harden,Devin Booker,John Henson,Michael Carter-Williams,20191209,227.35196291988672,202.0
Skal Labissiere,Carmelo Anthony,Jaylen Hoard,Joel Embiid,Bradley Beal,Trae Young,Anthony Tolliver,Chris Chiozza,20191210,225.47686991975633,185.5
Kenrich Williams,LeBron James,Grant Williams,Cody Martin,James Harden,Dillon Brooks,John Henson,Matthew Dellavedova,20191211,210.0915262618863,237.0
Blake Griffin,Luka Doncic,Torrey Craig,Andre Drummond,Gary Trent Jr,Raul Neto,Markieff Morris,Seth Curry,20191212,204.33056090286868,236.0
Bobby Portis,Giannis Antetokounmpo,Vince Carter,Georges Niang,James Harden,Marko Guduric,Goga Bitadze,Tomas Satoransky,20191213,214.30907271755558,192.75
Darius Bazley,Giannis Antetokounmpo,Marko Guduric,Garrison Mathews,James Harden,Brandon Knight,John Henson,Darius Garland,20191214,206.69531457438868,175.0
Wilson Chandler,LeBron James,Anthony Davis,Gary Harris,Frank Jackson,Trae Young,Caleb Swanigan,Malik Monk,20191215,226.5688509250612,241.5
Dewan Hernandez,Giannis Antetokounmpo,LaMarcus Aldridge,Jevon Carter,James Harden,Anfernee Simons,Skal Labissiere,Matthew Dellavedova,20191216,227.69305690364405,208.25
Vince Carter,LeBron James,Domantas Sabonis,Elie Okobo,Jevon Carter,Trae Young,Cheick Diallo,Cam Reddish,20191217,213.82789448475884,229.0
Semi Ojeleye,Jimmy Butler,Meyers Leonard,Joel Embiid,Derrick Rose,Damian Lillard,Thon Maker,Malik Beasley,20191218,226.0150206586248,218.0
Maurice Harkless,Giannis Antetokounmpo,Allen Crabbe,Jarrett Allen,James Harden,Emmanuel Mudiay,Bruno Fernando,Evan Turner,20191219,226.923725856263,212.0
Maxi Kleber,Jimmy Butler,Mike Muscala,Joel Embiid,Bradley Beal,Malik Beasley,John Henson,Terence Davis,20191220,213.41452394413162,223.5
Keita Bates-Diop,Giannis Antetokounmpo,Julius Randle,Allonzo Trier,James Harden,Tim Frazier,Gary Clark,Chris Clemons,20191221,214.99859620348067,228.25
Anthony Davis,Giannis Antetokounmpo,Vlatko Cancar,Nikola Jokic,Edmond Sumner,Kyle Korver,Mike Muscala,Aaron Holiday,20191222,226.46224411426638,211.0
Serge Ibaka,Alfonzo McKinnie,Noah Vonleh,Trae Young,James Harden,Brandon Knight,Kevon Looney,Kevin Huerter,20191223,225.98786045123776,217.75
Kawhi Leonard,Giannis Antetokounmpo,Stanley Johnson,Avery Bradley,James Harden,ETwaun Moore,Gary Clark,Ky Bowman,20191225,227.49177919056817,224.25
Solomon Hill,Luka Doncic,Kyle Anderson,Rudy Gobert,Bradley Beal,Jarrett Culver,Thon Maker,Emmanuel Mudiay,20191226,226.40553094169405,186.0
Vince Carter,Ben Simmons,DeAndre Hunter,Trae Young,Brandon Goodwin,Deonte Burton,Joel Embiid,George Hill,20191227,225.1345501281324,147.25
Oshae Brissett,Luka Doncic,Kawhi Leonard,Adam Mokoka,James Harden,Carsen Edwards,DJ Wilson,DeAndre Bembry,20191228,227.57305069418516,225.0
Brandon Ingram,Luka Doncic,LeBron James,Nemanja Bjelica,John Konchar,Quinn Cook,Gary Clark,Frank Jackson,20191229,227.35654608841756,191.25
Louis King,Giannis Antetokounmpo,John Collins,Andre Drummond,Troy Brown Jr,Nigel Williams-Goss,DJ Wilson,Jevon Carter,20191230,226.69866332687425,148.25
Kyle OQuinn,Semi Ojeleye,Edmond Sumner,Russell Westbrook,Luka Doncic,James Harden,TJ Leaf,Dante Exum,20191231,225.24015668203677,210.75
Anthony Davis,Giannis Antetokounmpo,LeBron James,Troy Daniels,Alex Caruso,Kyle Korver,Jordan Bell,Anfernee Simons,20200101,227.62034804636173,220.75
Jordan Bell,Kawhi Leonard,Sekou Doumbouya,Louis King,Luka Doncic,Zach LaVine,Alen Smailagic,Theo Pinson,20200102,210.645784125159,211.75
Cheick Diallo,LeBron James,Admiral Schofield,Isaac Bonga,James Harden,Damian Lillard,Anthony Tolliver,Frank Ntilikina,20200103,226.3964228115317,208.75
Kawhi Leonard,Giannis Antetokounmpo,Johnathan Motley,Andre Drummond,Malik Beasley,Cody Martin,Chimezie Metu,Langston Galloway,20200104,226.44575203063906,174.25
Anthony Davis,LeBron James,Noah Vonleh,Alfonzo McKinnie,Devin Booker,Brandon Knight,John Henson,Tyus Jones,20200105,219.95783380779693,249.25
Goga Bitadze,Luka Doncic,Giannis Antetokounmpo,Cody Martin,Kevin Huerter,Tremont Waters,Caleb Swanigan,Malik Monk,20200106,211.51579548290604,204.25
Mike Muscala,LeBron James,Anthony Davis,Troy Daniels,Allonzo Trier,DeAaron Fox,Taj Gibson,Dean Wade,20200107,212.69273883425006,176.0
Doug McDermott,Luka Doncic,Melvin Frazier,Tacko Fall,James Harden,DeMar DeRozan,Taj Gibson,Frank Jackson,20200108,226.83184316668516,207.5
Thabo Sefolosha,Ben Simmons,Anthony Tolliver,Hassan Whiteside,James Harden,Deonte Burton,PJ Tucker,Michael Frazier,20200109,225.98914846848183,136.25
JaKarr Sampson,Luka Doncic,Giannis Antetokounmpo,Elie Okobo,Zach LaVine,Troy Daniels,Nicolo Melli,Josh Magette,20200110,226.76572768985997,189.5
Giannis Antetokounmpo,Luka Doncic,Jayson Tatum,Anthony Tolliver,Frank Jackson,Sterling Brown,DJ Wilson,Nickeil Alexander-Walker,20200111,226.73181793998066,258.0
Cameron Johnson,Kawhi Leonard,Alen Smailagic,Landry Shamet,Bradley Beal,Kyrie Irving,Patrick Patterson,Devonte Graham,20200112,225.2363839112767,171.25
Anthony Tolliver,LeBron James,Matisse Thybulle,Ben Simmons,Zach LaVine,Damian Lillard,Luke Kornet,Alex Caruso,20200113,225.89894117238862,262.0
Dean Wade,Luka Doncic,Alen Smailagic,Allonzo Trier,James Harden,Courtney Lee,Mitchell Robinson,Emmanuel Mudiay,20200114,226.0953300621363,169.75
Goga Bitadze,Luka Doncic,Vlatko Cancar,Marvin Williams,James Harden,Shaquille Harrison,Trey Lyles,Patrick McCaw,20200115,206.63001730825903,154.5
Giannis Antetokounmpo,Kawhi Leonard,Patrick Patterson,Nikola Jokic,Jevon Carter,Landry Shamet,Gary Clark,Terance Mann,20200116,226.07054646769336,220.25
Nassir Little,Malcolm Miller,Mario Hezonja,Karl-Anthony Towns,Zach LaVine,Luka Doncic,Bruno Fernando,Matthew Dellavedova,20200117,223.85502574952542,156.0
Semi Ojeleye,LeBron James,Vince Carter,Andre Drummond,James Harden,Matt Thomas,Tyson Chandler,Nickeil Alexander-Walker,20200118,226.16842369312306,193.75
Juwan Morgan,Georges Niang,Giannis Antetokounmpo,Chandler Hutchison,James Harden,Russell Westbrook,Cheick Diallo,Tim Frazier,20200120,225.7980672977659,249.25
JaKarr Sampson,LeBron James,Vlatko Cancar,Juwan Morgan,James Harden,Russell Westbrook,Harry Giles,Patrick McCaw,20200122,225.84848625907588,188.0
Johnathan Williams,LeBron James,Jared Dudley,Hassan Whiteside,Matthew Dellavedova,Luka Doncic,John Henson,Isaiah Thomas,20200123,224.99477100677046,205.25
Keita Bates-Diop,Kawhi Leonard,Vince Carter,Tim Frazier,James Harden,Russell Westbrook,Khem Birch,Grayson Allen,20200124,226.04006386493023,226.0
Darius Bazley,LeBron James,Deonte Burton,Karl-Anthony Towns,Zach LaVine,Avery Bradley,Jonah Bolden,Darius Garland,20200125,225.01168366602332,249.25
Thabo Sefolosha,Kawhi Leonard,Vince Carter,Russell Westbrook,Gary Harris,Damian Lillard,Johnathan Motley,Terance Mann,20200126,225.46386989684157,252.75
Vic Law,Wes Iwundu,Thabo Sefolosha,Andre Drummond,Zach LaVine,Luka Doncic,Khem Birch,Austin Rivers,20200127,225.39476843890822,209.25
Justin Jackson,Ben Simmons,Stanley Johnson,Joel Embiid,Tyler Johnson,Luka Doncic,Robin Lopez,Frank Ntilikina,20200128,225.36039826634064,145.25
Josh Jackson,Marco Belinelli,Justin James,Russell Westbrook,James Harden,Damian Lillard,Caleb Swanigan,Garrett Temple,20200129,225.37551083649043,220.5
Anthony Tolliver,PJ Dozier,Patrick Patterson,Nikola Jokic,Bradley Beal,Trae Young,Harry Giles,Darius Garland,20200130,225.05470169784775,256.75
Thanasis Antetokounmpo,Sterling Brown,Giannis Antetokounmpo,Anthony Davis,James Harden,Pat Connaughton,Nicolo Melli,Tyus Jones,20200131,225.76278698184083,311.5
Alfonzo McKinnie,LeBron James,Kevin Knox,Ed Davis,Bradley Beal,Trae Young,Kevon Looney,Caris LeVert,20200201,225.89412637210404,175.0
Stanley Johnson,Oshae Brissett,Giannis Antetokounmpo,Deandre Ayton,James Harden,Pat Connaughton,Robin Lopez,Tyler Johnson,20200202,212.68565404435404,238.25
Sekou Doumbouya,Kawhi Leonard,Wes Iwundu,Karl-Anthony Towns,Bradley Beal,Jalen Lecque,Tariq Owens,Garrett Temple,20200203,225.7145747532099,206.75
Wenyen Gabriel,Vlatko Cancar,Giannis Antetokounmpo,Hassan Whiteside,James Harden,Troy Daniels,Nicolo Melli,Anfernee Simons,20200204,225.85738949806398,210.75
Amile Jefferson,Kawhi Leonard,Khem Birch,Karl-Anthony Towns,Chris Chiozza,Trae Young,Vincent Poirier,Jordan Clarkson,20200205,225.17680478983087,194.25
Mario Hezonja,DeMar DeRozan,Giannis Antetokounmpo,Khem Birch,James Harden,Adam Mokoka,Jaxson Hayes,Ryan Arcidiacono,20200206,223.25094766586506,233.0
Juwan Morgan,Bradley Beal,Domantas Sabonis,Marial Shayok,James Harden,Yogi Ferrell,Caleb Swanigan,Terence Davis,20200207,226.29348790879453,207.25
Drew Eubanks,LeBron James,Anthony Davis,Karl-Anthony Towns,ETwaun Moore,Quinndary Weatherspoon,Mfiondu Kabengele,Elie Okobo,20200208,226.0859500103338,194.0
Isaac Bonga,Wayne Ellington,Matisse Thybulle,Russell Westbrook,James Harden,Damian Lillard,Mfiondu Kabengele,Amir Coffey,20200209,225.19666673330167,251.75
Keita Bates-Diop,LeBron James,Anthony Davis,Karl-Anthony Towns,Troy Daniels,Brandon Knight,Alen Smailagic,PJ Dozier,20200210,226.17057745576636,169.0
Jaylen Hoard,William Howard,Amir Coffey,Russell Westbrook,James Harden,Damian Lillard,Mike Muscala,Shake Milton,20200211,225.2071429392455,173.5
Wenyen Gabriel,Luka Doncic,LeBron James,Dante Exum,Jerome Robinson,Trae Young,Gorgui Dieng,Alex Caruso,20200212,226.36770785591,263.25
Christian Wood,Marko Guduric,Giannis Antetokounmpo,Alen Smailagic,James Harden,Kyle Anderson,Daniel Gafford,Jordan Bone,20200220,218.02725244922107,229.5
Georges Niang,LeBron James,Anthony Davis,Aron Baynes,Romeo Langford,Luka Doncic,Jaxson Hayes,DJ Augustin,20200221,226.31906321508325,221.5
Giannis Antetokounmpo,Georges Niang,Solomon Hill,Norvel Pelle,James Harden,Russell Westbrook,DJ Wilson,Austin Rivers,20200222,226.2899839307542,212.25
Domantas Sabonis,Abdel Nader,Wenyen Gabriel,Nikola Jokic,Bradley Beal,Will Barton,Jaxson Hayes,Brandon Knight,20200223,226.19515349697858,229.0
Giannis Antetokounmpo,Rayjon Tucker,Juwan Morgan,Joel Embiid,James Harden,Allonzo Trier,Taj Gibson,Elie Okobo,20200224,226.37325056132883,208.5
Giannis Antetokounmpo,Grant Williams,Luguentz Dort,Caleb Swanigan,CJ McCollum,LeBron James,Noah Vonleh,Brad Wanamaker,20200225,226.25392997681425,230.5
Bruno Caboclo,Caleb Martin,Courtney Lee,Luka Doncic,James Harden,Trae Young,Damian Jones,Matthew Dellavedova,20200226,225.55131145339942,213.25
Anthony Davis,Danilo Gallinari,Domantas Sabonis,Terrance Ferguson,CJ McCollum,Hamidou Diallo,JaVale McGee,Avery Bradley,20200227,226.89426889819632,208.5
Giannis Antetokounmpo,Torrey Craig,Michael Kidd-Gilchrist,Caleb Martin,Bradley Beal,Luka Doncic,Tony Bradley,Jevon Carter,20200228,226.51123552965817,230.75
Jared Dudley,LeBron James,Drew Eubanks,Goga Bitadze,James Harden,CJ McCollum,Jakob Poeltl,Jeff Teague,20200229,226.44304506592204,167.5
Michael Kidd-Gilchrist,LeBron James,Kawhi Leonard,Stanley Johnson,Bradley Beal,Jaylen Nowell,Donta Hall,Rajon Rondo,20200301,226.85091873156105,195.75
Giannis Antetokounmpo,Solomon Hill,John Konchar,Drew Eubanks,James Harden,Russell Westbrook,Khem Birch,Frank Ntilikina,20200302,226.54165124923588,188.25
Anthony Davis,LeBron James,Caleb Martin,Luguentz Dort,Bradley Beal,Frank Jackson,Patrick Patterson,Patty Mills,20200303,227.44248073030647,247.75
Giannis Antetokounmpo,Jayson Tatum,Jarrell Brantley,Sterling Brown,Bradley Beal,Reggie Bullock,Jaxson Hayes,DJ Augustin,20200304,227.52724848625795,192.75
Bruno Caboclo,Kawhi Leonard,Rodney McGruder,Caleb Martin,James Harden,Russell Westbrook,Jeff Green,Reggie Jackson,20200305,224.5488463548204,184.75
Anthony Davis,LeBron James,Giannis Antetokounmpo,Bruno Fernando,Pat Connaughton,John Konchar,Cristiano Felicio,Elie Okobo,20200306,227.5690218298938,213.5
Vince Carter,Georges Niang,John Collins,Damian Lillard,Damion Lee,Trae Young,Dragan Bender,Brandon Goodwin,20200307,225.7472240856893,184.75
Marvin Williams,LeBron James,Jayson Tatum,Amir Coffey,James Harden,Kyle Korver,Goga Bitadze,Bryn Forbes,20200308,227.39252105326864,196.25
Chris Boucher,Georges Niang,Pascal Siakam,Nikola Jokic,Norman Powell,Kyle Lowry,Mason Plumlee,Frank Mason III,20200309,223.0597163707331,188.25
Patrick Patterson,LeBron James,Kawhi Leonard,Elie Okobo,James Harden,Brad Wanamaker,Gary Clark,Rajon Rondo,20200310,226.78454619850262,193.75
Jae Crowder,Torrey Craig,Solomon Hill,Joel Embiid,Caleb Martin,Luka Doncic,Donta Hall,Elfrid Payton,20200311,216.44124961465977,249.25
Anthony Davis,LeBron James,Kawhi Leonard,Royce ONeale,ETwaun Moore,Landry Shamet,Patrick Patterson,Frank Jackson,20200730,227.45381176467188,207.0
Giannis Antetokounmpo,DaQuan Jeffries,Keldon Johnson,DJ Wilson,James Harden,Russell Westbrook,Robin Lopez,Chris Chiozza,20200731,226.76553806381517,263.0
Anthony Davis,LeBron James,Torrey Craig,Joel Embiid,Rayjon Tucker,Nickeil Alexander-Walker,Bol Bol,Patrick Beverley,20200801,226.82652591906051,241.75
Jabari Parker,Luka Doncic,Keldon Johnson,Yogi Ferrell,James Harden,Russell Westbrook,Gary Clark,Austin Rivers,20200802,226.71764043854165,231.5
Anthony Davis,LeBron James,Bol Bol,Joel Embiid,Nickeil Alexander-Walker,Quinndary Weatherspoon,Jaxson Hayes,Patty Mills,20200803,226.23611489176875,210.0
Dzanan Musa,Luka Doncic,Wes Iwundu,Grant Williams,James Harden,Damian Lillard,Frank Kaminsky,Brad Wanamaker,20200804,226.60867163233357,233.25
Anthony Davis,LeBron James,Semi Ojeleye,Joel Embiid,Rayjon Tucker,Emmanuel Mudiay,Khem Birch,Patty Mills,20200805,226.58644525856735,172.25
Alize Johnson,Luka Doncic,Jared Dudley,Justin Jackson,James Harden,Damian Lillard,Dwight Howard,Jevon Carter,20200806,226.4872768348339,253.75
Justin Anderson,Andre Roberson,DaQuan Jeffries,Joel Embiid,Jrue Holiday,Kyle Lowry,Alex Len,Marcus Smart,20200807,225.00907752866675,159.25
Anthony Davis,LeBron James,Giannis Antetokounmpo,Pat Connaughton,Anfernee Simons,Talen Horton-Tucker,Goga Bitadze,Alex Caruso,20200808,227.03361524787698,221.0
Abdel Nader,DaQuan Jeffries,Vic Law,Joel Embiid,James Harden,Damian Lillard,Bruno Caboclo,Frank Jackson,20200809,225.7336310937253,183.25
Bol Bol,LeBron James,Anthony Davis,Rayjon Tucker,Devin Booker,Mike Conley,Goga Bitadze,Terence Davis,20200810,226.89365533375314,235.5
Grant Williams,Luka Doncic,Giannis Antetokounmpo,Semi Ojeleye,Sterling Brown,Damian Lillard,Johnathan Williams,George Hill,20200811,226.45303070148674,227.75
Stanley Johnson,Kawhi Leonard,Alize Johnson,Joel Embiid,James Harden,Furkan Korkmaz,Norvel Pelle,Monte Morris,20200812,226.4927130488232,250.25
Michael Kidd-Gilchrist,Luka Doncic,Jusuf Nurkic,Antonius Cleveland,Quinndary Weatherspoon,Damian Lillard,Johnathan Williams,Jevon Carter,20200813,226.255513839527,212.75
Luc Mbah a Moute,Malcolm Miller,Paul Watson,Joel Embiid,James Harden,Chris Clemons,Nikola Jokic,Raul Neto,20200814,224.56949989990915,181.5
JaMychal Green,Luka Doncic,Kawhi Leonard,Joel Embiid,Romeo Langford,Emmanuel Mudiay,Robert Williams,Jordan Clarkson,20200817,225.37815712590915,229.0
Gary Clark,TJ Warren,Marvin Williams,JaKarr Sampson,James Harden,Damian Lillard,Markieff Morris,George Hill,20200818,226.46195728087568,247.25
Grant Williams,Luka Doncic,Kawhi Leonard,Tyler Cook,Donovan Mitchell,Delon Wright,Norvel Pelle,Jordan Clarkson,20200819,226.64521426976546,231.25
Marvin Williams,JR Smith,Jusuf Nurkic,Jaylen Adams,James Harden,Damian Lillard,Khem Birch,Quinn Cook,20200820,226.09890884927387,152.0
Noah Vonleh,Luka Doncic,Keita Bates-Diop,Joel Embiid,Donovan Mitchell,Josh Richardson,Bol Bol,PJ Dozier,20200821,226.19672665546597,203.75
Vic Law,TJ Warren,Giannis Antetokounmpo,Wes Iwundu,James Harden,TJ McConnell,Ersan Ilyasova,Donte DiVincenzo,20200822,226.57972542766683,219.75
Stanley Johnson,Kawhi Leonard,Lance Thomas,Joel Embiid,Donovan Mitchell,Matt Thomas,Donta Hall,Marcus Smart,20200823,225.29349733253957,242.25
Jaylen Hoard,LeBron James,Jared Dudley,Jusuf Nurkic,James Harden,Edmond Sumner,Ersan Ilyasova,Quinn Cook,20200824,221.88058002014924,197.25
Justin Jackson,Luka Doncic,Kawhi Leonard,Antonius Cleveland,Donovan Mitchell,PJ Dozier,JaMychal Green,Monte Morris,20200825,226.4390481548543,171.0
DeMarre Carroll,Jaylen Hoard,Giannis Antetokounmpo,Nikola Vucevic,James Harden,JR Smith,Ersan Ilyasova,Chris Clemons,20200829,226.03854055997766,180.0
Semi Ojeleye,Jayson Tatum,Georges Niang,Torrey Craig,Donovan Mitchell,Jamal Murray,Mason Plumlee,Monte Morris,20200901,224.1214928706284,178.75
Kelly Olynyk,Kyle Korver,Giannis Antetokounmpo,Jeff Green,James Harden,George Hill,Darius Bazley,Austin Rivers,20200902,218.1319740119384,180.25
Semi Ojeleye,Kawhi Leonard,Marcus Morris,Nikola Jokic,Jamal Murray,Brad Wanamaker,Bol Bol,PJ Dozier,20200903,226.0387923429123,150.25
Robert Covington,Dion Waiters,Giannis Antetokounmpo,Jared Dudley,James Harden,Andre Iguodala,Meyers Leonard,Kendrick Nunn,20200904,213.1776380584849,167.5
Semi Ojeleye,Kawhi Leonard,Chris Boucher,Nikola Jokic,Jamal Murray,Matt Thomas,Daniel Theis,Terence Davis,20200907,224.15889294055694,214.25
Semi Ojeleye,Kawhi Leonard,Jayson Tatum,Nikola Jokic,Norman Powell,Landry Shamet,Mason Plumlee,Terance Mann,20200911,224.92119734522203,215.25
Kelly Olynyk,Kawhi Leonard,Keita Bates-Diop,Nikola Jokic,Rodney McGruder,Goran Dragic,Mason Plumlee,Monte Morris,20200915,206.95674540711377,175.5
Jared Dudley,LeBron James,Bol Bol,Nikola Jokic,Jamal Murray,JR Smith,JaVale McGee,Rajon Rondo,20200918,224.77937250615514,137.75
Grant Williams,Jayson Tatum,Jae Crowder,Gordon Hayward,Jimmy Butler,Brad Wanamaker,Kelly Olynyk,Kendrick Nunn,20200919,204.5098830623089,172.0
Grant Williams,Jayson Tatum,Andre Iguodala,Bam Adebayo,Jimmy Butler,Jaylen Brown,Robert Williams,Brad Wanamaker,20200923,225.35640045752015,212.5
Grant Williams,Jayson Tatum,Andre Iguodala,Daniel Theis,Jimmy Butler,Jaylen Brown,Kelly Olynyk,Brad Wanamaker,20200925,206.72495830714553,204.25
Kyle Kuzma,LeBron James,Anthony Davis,Jerami Grant,PJ Dozier,Torrey Craig,Paul Millsap,Rajon Rondo,20200926,222.45465660144606,222.75
Grant Williams,Jayson Tatum,Andre Iguodala,Bam Adebayo,Jimmy Butler,Goran Dragic,Robert Williams,Brad Wanamaker,20200927,222.4390368842243,221.0
Reggie Perry,LeBron James,Anthony Davis,Kentavious Caldwell-Pope,Kawhi Leonard,Quinn Cook,Mfiondu Kabengele,Alex Caruso,20201222,220.2767435494134,129.5
Semi Ojeleye,Sekou Doumbouya,Giannis Antetokounmpo,Joel Embiid,Keljin Blevins,Luka Doncic,Robin Lopez,Markelle Fultz,20201223,224.08799406088906,228.0
KZ Okpala,LeBron James,Giannis Antetokounmpo,Daniel Oturu,Mychal Mulder,Luka Doncic,Chris Silva,Trey Burke,20201225,224.9500613674813,165.0
JaKarr Sampson,David Nwaba,Juwan Morgan,Joel Embiid,James Harden,Russell Westbrook,Trey Lyles,Michael Carter-Williams,20201226,224.6117600591194,225.0
Kostas Antetokounmpo,LeBron James,Giannis Antetokounmpo,Quinn Cook,Devin Booker,Robert Woodard II,Tony Bradley,LaMelo Ball,20201227,225.22553657105124,193.5
Bol Bol,LeBron James,Georges Niang,Talen Horton-Tucker,James Harden,Damian Lillard,Gorgui Dieng,Desmond Bane,20201228,225.32864992510096,200.25
Zeke Nnaji,Jordan Nwora,Giannis Antetokounmpo,Nikola Jokic,Bradley Beal,Ty-Shon Alexander,Isaiah Stewart,Raul Neto,20201229,224.2777799264564,174.5
Jalen McDaniels,LeBron James,Giannis Antetokounmpo,Thanasis Antetokounmpo,Rodney Hood,Luka Doncic,Harry Giles,Rajon Rondo,20201230,224.499189203302,192.5
JaKarr Sampson,DeAndre Bembry,Edmond Sumner,Joel Embiid,James Harden,Russell Westbrook,Vincent Poirier,Raul Neto,20201231,224.17420626953134,191.5
Jordan Nwora,LeBron James,Giannis Antetokounmpo,Nikola Jokic,Mychal Mulder,Terance Mann,Luke Kornet,Jalen Brunson,20210101,224.35317114109282,217.0
Dean Wade,Stanley Johnson,Domantas Sabonis,Joel Embiid,Terrence Ross,Trae Young,Thon Maker,Terence Davis,20210102,223.78930589980627,175.0
Alfonzo McKinnie,LeBron James,Elijah Hughes,Nikola Jokic,Facundo Campazzo,Russell Westbrook,Zeke Nnaji,Desmond Bane,20210103,223.98082985451575,212.5
Maurice Harkless,KZ Okpala,Giannis Antetokounmpo,Vincent Poirier,James Harden,Trae Young,Nick Richards,Jalen Brunson,20210104,224.49600781211333,190.25
Patrick Patterson,LeBron James,Elijah Hughes,Nikola Jokic,RJ Hampton,Damian Lillard,Reggie Perry,Reggie Jackson,20210105,219.29082237212504,203.25
Solomon Hill,Lamar Stevens,Giannis Antetokounmpo,Thanasis Antetokounmpo,James Harden,Stephen Curry,Marques Bolden,Tyrese Maxey,20210106,224.4572526076459,167.5
Dean Wade,LeBron James,Anthony Davis,Alfonzo McKinnie,Anthony Edwards,Luka Doncic,Markieff Morris,Jaylen Nowell,20210107,224.47298282594846,236.0
Isaac Bonga,Amir Coffey,Giannis Antetokounmpo,Bruno Caboclo,James Harden,Stephen Curry,Tacko Fall,Jordan Bone,20210108,224.44538203436207,216.5
Solomon Hill,Nassir Little,Edmond Sumner,Damian Lillard,Donte DiVincenzo,Luka Doncic,Nathan Knight,Trae Young,20210109,222.62268349922374,191.75
Bruno Caboclo,LeBron James,Stanley Johnson,Nikola Jokic,James Harden,Theo Pinson,Moses Brown,Facundo Campazzo,20210110,224.76826839791468,160.25
Jordan Nwora,Abdel Nader,Giannis Antetokounmpo,Deni Avdija,Bradley Beal,Damian Lillard,Damian Jones,Bryn Forbes,20210111,224.17621602333864,195.5
Aleksej Pokusevski,LeBron James,Alfonzo McKinnie,Nikola Jokic,James Harden,Sterling Brown,Bol Bol,Alex Caruso,20210112,224.71029127298644,203.75
Reggie Perry,Kawhi Leonard,Giannis Antetokounmpo,Boban Marjanovic,Malik Monk,Luka Doncic,Nerlens Noel,Cory Joseph,20210113,223.9346529756195,244.5
JaKarr Sampson,Nassir Little,Domantas Sabonis,Nikola Jokic,Caleb Martin,Stephen Curry,Harry Giles,Aaron Holiday,20210114,223.14880353332254,232.75
Nicolo Melli,Aaron Nesmith,Giannis Antetokounmpo,Udoka Azubuike,Zach LaVine,Luka Doncic,Nerlens Noel,Brandon Goodwin,20210115,223.82276211797188,211.75
Rodions Kurucs,Tony Snell,Kevin Durant,Nikola Vucevic,James Harden,Saben Lee,Reggie Perry,Delon Wright,20210116,223.83243034322396,276.0
Tyler Bey,Cassius Stanley,Kelan Martin,Nikola Jokic,Paul George,Luka Doncic,Patrick Patterson,Tyrell Terry,20210117,223.5010717458394,223.0
Jaden McDaniels,Nassir Little,Kevin Durant,Matt Thomas,James Harden,Luka Doncic,Aron Baynes,Bryn Forbes,20210118,223.7645968160523,168.5
Justin Jackson,Brandon Ingram,Darius Miller,Nikola Jokic,Eric Bledsoe,Shai Gilgeous-Alexander,Bol Bol,Kira Lewis Jr,20210119,223.0211697043453,159.5
Mfiondu Kabengele,Josh Green,Trey Lyles,Domantas Sabonis,James Harden,Luka Doncic,Kevon Looney,Aaron Holiday,20210120,223.3574524541546,222.0
Thanasis Antetokounmpo,LeBron James,Nicolo Melli,Giannis Antetokounmpo,Sindarius Thornwell,Stephen Curry,Kevon Looney,Lonzo Ball,20210121,222.8912761061313,188.0
Gary Clark,Kawhi Leonard,DeAndre Bembry,Nikola Jokic,James Harden,Brandon Goodwin,Isaiah Stewart,Terence Davis,20210122,223.97555128074646,205.0
KZ Okpala,Kevin Durant,Alfonzo McKinnie,Nikola Jokic,James Harden,Quinn Cook,Jaxson Hayes,Bruce Brown,20210123,223.90673370481414,188.75
Nassir Little,Kawhi Leonard,Giannis Antetokounmpo,Javonte Green,Bradley Beal,DeAndre Bembry,Onyeka Okongwu,Patrick Beverley,20210124,223.9130812381189,222.5
Markieff Morris,Kevin Durant,Aaron Nesmith,Nikola Jokic,RJ Hampton,Luka Doncic,Gary Clark,Saben Lee,20210125,223.16435690793222,223.25
Juwan Morgan,Kevin Knox,Julius Randle,Tony Snell,Bradley Beal,Russell Westbrook,Jordan Bell,Elfrid Payton,20210126,222.81478564077858,147.5
Juwan Morgan,Robert Woodard II,Giannis Antetokounmpo,Chimezie Metu,Bradley Beal,Luka Doncic,Jalen Smith,Jordan Poole,20210127,223.2307955143756,187.0
Markieff Morris,LeBron James,Nassir Little,Stephen Curry,Gabe Vincent,Damian Lillard,Jalen Smith,Anfernee Simons,20210128,222.868654941457,203.75
Zeke Nnaji,Amir Coffey,Giannis Antetokounmpo,Tyler Johnson,James Harden,Luka Doncic,Reggie Perry,DJ Augustin,20210129,223.02248179995988,209.25
Nicolo Melli,LeBron James,Giannis Antetokounmpo,Rodions Kurucs,Langston Galloway,Luka Doncic,Trey Lyles,Bryn Forbes,20210130,223.0187664681521,196.0
Jarrell Brantley,Kevin Durant,Mfiondu Kabengele,Nikola Jokic,Bradley Beal,Tyler Johnson,Taj Gibson,Reggie Jackson,20210131,223.19931642897564,231.25
Justin Jackson,LeBron James,Giannis Antetokounmpo,Jordan Nwora,Sam Merrill,Luka Doncic,Moses Brown,Langston Galloway,20210201,222.95813000651256,172.75
Isaac Bonga,Kevin Durant,Javonte Green,Mychal Mulder,James Harden,Damian Lillard,Chuma Okeke,Brad Wanamaker,20210202,223.2807810783905,180.75
Semi Ojeleye,Torrey Craig,Giannis Antetokounmpo,Devin Vassell,Bradley Beal,Luka Doncic,Drew Eubanks,Carsen Edwards,20210203,222.82804165380185,239.0
Alfonzo McKinnie,LeBron James,Jarrell Brantley,Nikola Jokic,Keljin Blevins,Luka Doncic,Bruno Fernando,Skylar Mays,20210204,222.6058088698844,164.75
Semi Ojeleye,Kevin Durant,Giannis Antetokounmpo,Langston Galloway,James Harden,Frank Jackson,Moritz Wagner,Frank Mason III,20210205,223.38087056002547,179.5
Dean Wade,Vlatko Cancar,Taj Gibson,Stephen Curry,James Harden,Luka Doncic,Onyeka Okongwu,Brad Wanamaker,20210206,222.536448350292,226.25
Isaac Bonga,Kawhi Leonard,Jayson Tatum,Anthony Gill,Bradley Beal,Buddy Hield,Taj Gibson,Aaron Holiday,20210207,223.24546389371736,184.5
Rodions Kurucs,Darius Miller,Paul Watson,Nikola Jokic,Bradley Beal,Luka Doncic,Aron Baynes,Damyean Dotson,20210208,222.39548148340523,203.5
Rodions Kurucs,Wenyen Gabriel,Matisse Thybulle,Joel Embiid,James Harden,Stephen Curry,Precious Achiuwa,Kyle Guy,20210209,222.70462640459712,178.5
Noah Vonleh,Troy Brown Jr,Giannis Antetokounmpo,Nikola Jokic,James Harden,Trey Burke,Zeke Nnaji,Damyean Dotson,20210210,223.00808926322804,188.5
Sekou Doumbouya,Matisse Thybulle,Precious Achiuwa,Joel Embiid,Anfernee Simons,Stephen Curry,Goga Bitadze,Damian Lillard,20210211,221.4310005210836,216.25
Nemanja Bjelica,LeBron James,Giannis Antetokounmpo,Mfiondu Kabengele,Justin James,Luka Doncic,Luke Kornet,RJ Hampton,20210212,222.86132742674857,258.5
Taj Gibson,JaeSean Tate,KZ Okpala,Trae Young,James Harden,Stephen Curry,Bruno Fernando,Shaquille Harrison,20210213,222.75486767092428,168.25
Zeke Nnaji,Pat Connaughton,Giannis Antetokounmpo,Damian Lillard,Jevon Carter,Luka Doncic,Isaiah Hartenstein,Markus Howard,20210214,222.31492825921407,250.5
Mike Scott,Solomon Hill,Matisse Thybulle,Stephen Curry,Zach LaVine,James Harden,Precious Achiuwa,Elfrid Payton,20210215,222.40163031843525,233.75
Nassir Little,LeBron James,Giannis Antetokounmpo,Javonte Green,Torrey Craig,James Harden,Gorgui Dieng,Terence Davis,20210216,222.97329784049518,236.75
Solomon Hill,Aaron Nesmith,Andre Iguodala,Nikola Jokic,Bradley Beal,Damian Lillard,Moritz Wagner,Chasson Randle,20210217,222.60256678744213,230.5
Markieff Morris,Torrey Craig,Giannis Antetokounmpo,DJ Augustin,Kyrie Irving,James Harden,Precious Achiuwa,Cory Joseph,20210218,222.83003482331407,190.0
Luke Kornet,Abdel Nader,Giannis Antetokounmpo,Joel Embiid,Skylar Mays,Stephen Curry,Daniel Gafford,Damion Lee,20210219,222.41636728182368,254.0
Nassir Little,LeBron James,Abdel Nader,Ryan Arcidiacono,Bradley Beal,Damian Lillard,Damian Jones,Cory Joseph,20210220,222.34338082593308,199.25
Jake Layman,Jabari Parker,Giannis Antetokounmpo,Joel Embiid,Tony Snell,Trae Young,Isaiah Stewart,RJ Hampton,20210221,222.4031115974384,247.5
Juwan Morgan,Rodney Hood,Abdel Nader,Damian Lillard,Zach LaVine,Luka Doncic,Dwight Powell,Gabe Vincent,20210222,222.56759867000932,149.5
James Johnson,Jake Layman,Giannis Antetokounmpo,Trey Burke,Bradley Beal,Luka Doncic,Onyeka Okongwu,Terance Mann,20210223,222.86228388737695,220.25
Kostas Antetokounmpo,LeBron James,Lamar Stevens,Domantas Sabonis,Josh Okogie,Stephen Curry,Markieff Morris,Rajon Rondo,20210224,222.4466908285769,187.75
Obi Toppin,Garrison Mathews,Mike Scott,Giannis Antetokounmpo,Bradley Beal,Luka Doncic,Tony Bradley,Cory Joseph,20210225,222.3825497033199,187.0
KZ Okpala,LeBron James,Rodney Hood,Domantas Sabonis,Kyle Guy,Damian Lillard,Markieff Morris,Payton Pritchard,20210226,222.37469273303483,210.25
Isaac Bonga,Wes Iwundu,Obi Toppin,Nikola Jokic,Justin Jackson,James Harden,JaKarr Sampson,Russell Westbrook,20210227,221.33467578978644,192.0
Grant Williams,LeBron James,Juan Toscano-Anderson,Karl-Anthony Towns,Mason Jones,Russell Westbrook,Killian Tillie,Jaylen Nowell,20210228,222.31059221863765,193.75
Khem Birch,Nassir Little,Domantas Sabonis,Nikola Jokic,Trey Burke,James Harden,Goga Bitadze,Tyler Johnson,20210301,222.19842950643897,241.75
Jared Dudley,LeBron James,Anthony Gill,Giannis Antetokounmpo,Frank Ntilikina,Russell Westbrook,Drew Eubanks,Gabe Vincent,20210302,222.33439752237933,211.75
Stanley Johnson,Wes Iwundu,Sekou Doumbouya,Damian Lillard,Zach LaVine,James Harden,Daniel Gafford,Tomas Satoransky,20210303,222.37032378944465,208.0
Zeke Nnaji,Nassir Little,Giannis Antetokounmpo,Nikola Jokic,Bradley Beal,Nickeil Alexander-Walker,Isaiah Hartenstein,Jeff Teague,20210304,222.792383219635,243.75
Yuta Watanabe,Justin James,Giannis Antetokounmpo,Daniel Gafford,Zach LaVine,James Harden,Aleksej Pokusevski,Jeff Teague,20210311,222.59373927278966,198.75
Wenyen Gabriel,LeBron James,Miye Oni,Nikola Jokic,Sindarius Thornwell,Russell Westbrook,Mike Scott,Troy Brown Jr,20210312,222.2070845549719,172.5
Yuta Watanabe,Edmond Sumner,Giannis Antetokounmpo,Brandon Goodwin,Kyrie Irving,James Harden,Onyeka Okongwu,Bryn Forbes,20210313,222.35679590358237,215.25
Luke Kornet,Jayson Tatum,Lamar Stevens,Stephen Curry,Carsen Edwards,Damian Lillard,Patrick Patterson,Kendrick Nunn,20210314,221.8719643805353,189.25
Sekou Doumbouya,Deividas Sirvydis,Giannis Antetokounmpo,Julius Randle,Trey Burke,James Harden,Patrick Patterson,Aaron Holiday,20210315,221.96447490923623,243.5
Grant Williams,LeBron James,Georges Niang,Damian Lillard,Frank Ntilikina,Trae Young,Chris Silva,Kira Lewis Jr,20210316,222.12004681561942,211.0
Sekou Doumbouya,Jimmy Butler,Giannis Antetokounmpo,Carsen Edwards,Jeff Teague,James Harden,Bismack Biyombo,Bryn Forbes,20210317,222.3454186552172,199.25
Frank Kaminsky,LeBron James,Obi Toppin,Russell Westbrook,Miye Oni,Damian Lillard,Onyeka Okongwu,Alex Caruso,20210318,222.09899278703838,218.25
KZ Okpala,Jimmy Butler,Jarrett Culver,Damian Lillard,John Konchar,James Harden,Naz Reid,Edmond Sumner,20210319,221.92282135179084,171.75
Paul Reed,Kawhi Leonard,Giannis Antetokounmpo,Caleb Martin,Mychal Mulder,DeAaron Fox,Vincent Poirier,Shake Milton,20210320,222.11582051957384,168.0
Semi Ojeleye,Isaac Bonga,Justin Jackson,James Harden,Kyrie Irving,Luka Doncic,Chuma Okeke,Trey Burke,20210321,221.68336158186884,205.75
Luke Kornet,Kawhi Leonard,Pascal Siakam,Karl-Anthony Towns,Justin Jackson,DeAaron Fox,Onyeka Okongwu,Adam Mokoka,20210322,222.13896759839426,221.5
Obi Toppin,Ben Simmons,Damion Lee,James Harden,Rodney Hood,Russell Westbrook,Jaxson Hayes,Ty-Shon Alexander,20210323,221.80353992548567,196.0
Sekou Doumbouya,Jarrell Brantley,Giannis Antetokounmpo,Luka Doncic,Brodric Thomas,Ben McLemore,Karl-Anthony Towns,Saben Lee,20210324,221.03392986332494,143.75
Chimezie Metu,Nicolas Batum,Julius Randle,Damian Lillard,DaQuan Jeffries,Russell Westbrook,Drew Eubanks,Anfernee Simons,20210325,221.75258398749324,202.25
Alfonzo McKinnie,Max Strus,Giannis Antetokounmpo,Karl-Anthony Towns,Skylar Mays,James Harden,Nathan Knight,Kira Lewis Jr,20210326,221.65871480108814,206.75
Obi Toppin,Deividas Sirvydis,Miye Oni,Russell Westbrook,Bradley Beal,Troy Brown Jr,Karl-Anthony Towns,Shake Milton,20210327,220.76549730805198,198.5
Nathan Knight,Vlatko Cancar,Stanley Johnson,Nikola Jokic,Will Barton,Damian Lillard,Zeke Nnaji,Trae Young,20210328,220.82662176943484,196.75
Yuta Watanabe,Luka Doncic,Maurice Harkless,Russell Westbrook,Kyrie Irving,Ryan Arcidiacono,Mamadi Diakite,Edmond Sumner,20210329,221.95797716779268,242.25
Chandler Hutchison,Jerome Robinson,Paul Reed,Nikola Jokic,PJ Dozier,Russell Westbrook,Alex Len,Trae Young,20210330,220.61165130661195,228.75
Nemanja Bjelica,Luka Doncic,CJ Elleby,Gabe Vincent,Kyrie Irving,James Harden,Drew Eubanks,DJ Augustin,20210331,221.67453942531318,191.5
Nemanja Bjelica,Isaac Bonga,Deividas Sirvydis,Nikola Jokic,Kyrie Irving,Russell Westbrook,Kevon Looney,Facundo Campazzo,20210401,221.47515396875323,188.5
Devontae Cacok,Luka Doncic,Giannis Antetokounmpo,Karl-Anthony Towns,Caleb Martin,Tremont Waters,Kevon Looney,Jordan McLaughlin,20210402,221.84274962213016,219.25
Maurice Harkless,Luka Doncic,Josh Green,Russell Westbrook,Gabe Vincent,Damian Lillard,Harry Giles,Anfernee Simons,20210403,221.3661936895905,203.0
Alfonzo McKinnie,Troy Brown Jr,Rayjon Tucker,Nikola Jokic,Kyrie Irving,Stephen Curry,JaVale McGee,DeAnthony Melton,20210404,221.240003166129,212.75
Sekou Doumbouya,Deividas Sirvydis,Jarrett Culver,Russell Westbrook,Kyrie Irving,James Harden,DJ Wilson,Matthew Dellavedova,20210405,221.37450297501363,179.5
JaKarr Sampson,Wenyen Gabriel,Kelan Martin,Nikola Jokic,Seth Curry,Stephen Curry,Joel Embiid,Jeff Teague,20210406,220.33070911978444,215.25
Isaac Bonga,Luka Doncic,Julius Randle,Russell Westbrook,PJ Dozier,Quinndary Weatherspoon,Onyeka Okongwu,Tre Jones,20210407,221.56676108019656,230.25
Andre Iguodala,Luka Doncic,Thanasis Antetokounmpo,Elijah Hughes,Devin Booker,Damian Lillard,Ersan Ilyasova,Theo Maledon,20210408,221.15510130996685,176.25
Rodions Kurucs,Troy Brown Jr,Paul Reed,Russell Westbrook,Axel Toupane,Stephen Curry,Karl-Anthony Towns,Facundo Campazzo,20210409,220.12545049436062,236.0
Sekou Doumbouya,Miye Oni,Georges Niang,Russell Westbrook,Kyrie Irving,Stephen Curry,Devontae Cacok,DeAndre Bembry,20210410,221.24056636612826,212.75
Semi Ojeleye,Luka Doncic,Zeke Nnaji,Karl-Anthony Towns,Jarrett Culver,Rodney Hood,Nikola Jokic,Frank Ntilikina,20210411,220.56103749324936,178.0
Paul Reed,Luka Doncic,Wes Iwundu,Russell Westbrook,Garrison Mathews,Stephen Curry,DJ Wilson,Mychal Mulder,20210412,221.03313154844665,225.0
Nathan Knight,Kyle Kuzma,Miye Oni,Jimmy Butler,Donovan Mitchell,Damian Lillard,Nemanja Bjelica,Amir Coffey,20210413,221.27451045628848,178.5
PJ Tucker,Max Strus,KZ Okpala,Russell Westbrook,Kyrie Irving,Luka Doncic,Drew Eubanks,Amir Coffey,20210414,221.22759630002008,253.25
Kostas Antetokounmpo,PJ Tucker,Alfonzo McKinnie,Giannis Antetokounmpo,Jevon Carter,Stephen Curry,Kevon Looney,DeAaron Fox,20210415,220.13654734283296,209.0
Robert Franks,Luka Doncic,Obi Toppin,Nikola Jokic,Kyrie Irving,Frank Ntilikina,Precious Achiuwa,Immanuel Quickley,20210416,221.5034553298651,181.75
Giannis Antetokounmpo,John Konchar,Semi Ojeleye,Russell Westbrook,Denzel Valentine,Stephen Curry,Frank Kaminsky,Saben Lee,20210417,221.38534553789694,235.5
Jake Layman,Luka Doncic,Jarrett Culver,Karl-Anthony Towns,James Nunnally,DeAaron Fox,Willie Cauley-Stein,Brad Wanamaker,20210418,221.03462051748284,178.5
Grant Williams,Miye Oni,Jayson Tatum,Joel Embiid,Damion Lee,Russell Westbrook,Devontae Cacok,Tyus Jones,20210419,221.14430840293602,205.5
Chimezie Metu,Kevin Knox,Julius Randle,Karl-Anthony Towns,Kyrie Irving,Skylar Mays,Onyeka Okongwu,Elfrid Payton,20210420,221.45323163994706,209.5
Kelan Martin,Elijah Hughes,Garrison Mathews,Nikola Jokic,Kyrie Irving,Russell Westbrook,Killian Tillie,Jevon Carter,20210421,221.2579994421779,199.5
Sekou Doumbouya,Wenyen Gabriel,Jayson Tatum,Giannis Antetokounmpo,Aaron Nesmith,Luka Doncic,Nick Richards,Adam Mokoka,20210422,221.07978750198188,197.0
Anthony Gill,Vlatko Cancar,Shaquille Harrison,Nikola Jokic,Kyrie Irving,Russell Westbrook,Alen Smailagic,Carsen Edwards,20210423,221.28822510292167,200.75
Anthony Tolliver,Mason Jones,Zion Williamson,Nikola Jokic,Gabe Vincent,Luka Doncic,Bol Bol,Markus Howard,20210424,221.09940984812937,180.5
JaKarr Sampson,Nassir Little,Lamar Stevens,Giannis Antetokounmpo,Bradley Beal,Russell Westbrook,Rondae Hollis-Jefferson,Aaron Holiday,20210425,221.22427088103555,180.25
Anthony Tolliver,Vlatko Cancar,Wenyen Gabriel,Nikola Jokic,Paul George,Luka Doncic,Frank Kaminsky,DeAndre Bembry,20210426,221.13399039166768,165.75
Stanley Johnson,DeAndre Bembry,Jarred Vanderbilt,Giannis Antetokounmpo,Romeo Langford,Luka Doncic,Willie Cauley-Stein,Stephen Curry,20210427,220.15578717101377,222.25
Rondae Hollis-Jefferson,Miye Oni,Wenyen Gabriel,Nikola Jokic,Paul George,Russell Westbrook,Killian Tillie,Kira Lewis Jr,20210428,221.06583918758142,217.75
Jarred Vanderbilt,Alize Johnson,Zion Williamson,Giannis Antetokounmpo,Jalen Harris,Stephen Curry,JaKarr Sampson,DeAndre Bembry,20210429,220.8294293115678,214.25
Mfiondu Kabengele,Luka Doncic,Al-Farouq Aminu,Amida Brimah,Paul George,Russell Westbrook,Bismack Biyombo,Tyus Jones,20210501,221.33040579485709,257.0
Yuta Watanabe,Kevin Knox,Julius Randle,Joel Embiid,Gabe Vincent,Luka Doncic,Boban Marjanovic,Ty Jerome,20210502,220.96232667171702,224.0
Rondae Hollis-Jefferson,Jarrell Brantley,Zion Williamson,Nikola Jokic,George Hill,Russell Westbrook,TJ Leaf,Patty Mills,20210503,221.01214381733755,201.75
Andre Iguodala,Max Strus,Jaylen Hoard,Giannis Antetokounmpo,Gabe Vincent,Luka Doncic,Damian Jones,Stephen Curry,20210504,220.38731479602188,242.25
Jayson Tatum,Kris Dunn,Avery Bradley,Giannis Antetokounmpo,Tyrese Maxey,Russell Westbrook,Bol Bol,George Hill,20210505,221.27691299844332,235.75
Anthony Gill,Luka Doncic,Alfonzo McKinnie,Kevin Durant,John Konchar,Russell Westbrook,Alen Smailagic,Mychal Mulder,20210506,221.07756901352093,216.75
Grant Williams,Josh Green,Mike Scott,Giannis Antetokounmpo,Zach LaVine,Luka Doncic,Rondae Hollis-Jefferson,Brad Wanamaker,20210507,221.19128885697822,171.25
Yuta Watanabe,Rayjon Tucker,CJ Elleby,Nikola Jokic,Patty Mills,Russell Westbrook,TJ Leaf,Kyrie Irving,20210508,220.46646210573306,211.75
Anthony Davis,Tyler Bey,Justin James,Karl-Anthony Towns,Josh Okogie,Luka Doncic,Ed Davis,Jordan McLaughlin,20210509,221.2172690549311,209.75
Nassir Little,Damyean Dotson,PJ Tucker,Giannis Antetokounmpo,Garrison Mathews,Russell Westbrook,Drew Eubanks,Damian Lillard,20210510,220.47661455653696,201.5
Anthony Tolliver,Nate Hinton,Vlatko Cancar,Nikola Jokic,Jahmius Ramsey,Luka Doncic,Frank Kaminsky,Stephen Curry,20210511,220.45281571428583,140.0
Grant Williams,Jarrell Brantley,Nicolo Melli,Kristaps Porzingis,James Harden,Russell Westbrook,Onyeka Okongwu,Tyler Johnson,20210512,221.30506745756523,200.0
Giannis Antetokounmpo,Justin James,Anthony Tolliver,Nikola Jokic,Gabe Vincent,Damian Lillard,Taj Gibson,Grant Riller,20210513,221.17611552377957,257.25
Zeke Nnaji,Robert Woodard II,Patrick Patterson,Nikola Jokic,Delon Wright,Russell Westbrook,Anderson Varejao,Shaquille Harrison,20210514,221.18416314280634,203.0
Jabari Parker,Jake Layman,Grant Williams,Anthony Davis,James Harden,LeBron James,Goga Bitadze,Jevon Carter,20210515,221.17188659087344,213.25
Zeke Nnaji,Keita Bates-Diop,Mamadi Diakite,Nikola Jokic,Skylar Mays,Russell Westbrook,Reggie Perry,LaMelo Ball,20210516,220.58763463063636,228.75
Semi Ojeleye,Anthony Gill,Caleb Martin,Domantas Sabonis,Bradley Beal,Russell Westbrook,Nick Richards,Aaron Holiday,20210518,221.1355541136811,189.0
Keldon Johnson,Rudy Gay,Kent Bazemore,Anthony Davis,Devin Vassell,Stephen Curry,Drew Eubanks,Jordan Poole,20210519,212.26258775717133,207.75
Nicolo Melli,Kevin Durant,Andre Iguodala,Grant Williams,James Harden,Luka Doncic,Willie Cauley-Stein,Rajon Rondo,20210522,221.27004330974646,221.0
TJ Leaf,Andre Iguodala,Zeke Nnaji,Giannis Antetokounmpo,Bryn Forbes,Damian Lillard,Nikola Jokic,Anfernee Simons,20210524,216.60122681386665,245.0
Jabari Parker,LeBron James,Reggie Perry,Alize Johnson,James Harden,Luka Doncic,Marc Gasol,Alex Caruso,20210525,221.2516608676004,185.0
Obi Toppin,Garrison Mathews,Julius Randle,Joel Embiid,Isaiah Joe,Russell Westbrook,Nerlens Noel,Tyus Jones,20210526,220.71729211340738,135.75
Mamadi Diakite,Torrey Craig,Shaquille Harrison,Giannis Antetokounmpo,Bryn Forbes,LeBron James,Nikola Jokic,Markus Howard,20210527,217.71032978476273,200.0
Obi Toppin,Romeo Langford,Bruce Brown,Julius Randle,James Harden,Luka Doncic,Onyeka Okongwu,Immanuel Quickley,20210528,221.14129856745575,214.75
Mamadi Diakite,Vlatko Cancar,Zeke Nnaji,Giannis Antetokounmpo,George Hill,Russell Westbrook,Alex Len,Damian Lillard,20210529,220.2823016047901,198.25
Grant Williams,Kevin Durant,Kris Dunn,Solomon Hill,James Harden,Luka Doncic,Nathan Knight,Patrick Beverley,20210530,221.2917314169922,190.5
Georges Niang,Isaac Bonga,Matisse Thybulle,Joel Embiid,Bradley Beal,Russell Westbrook,Rui Hachimura,Tyrese Maxey,20210531,220.17419888668178,225.0
Alfonzo McKinnie,Kevin Durant,Grant Williams,Jayson Tatum,James Harden,Langston Galloway,Blake Griffin,Tyler Johnson,20210601,220.98468417870723,210.0
Paul Reed,Luka Doncic,Chandler Hutchison,Kawhi Leonard,Matt Thomas,Russell Westbrook,Dwight Powell,Tyus Jones,20210602,220.9545337088139,198.75
Nassir Little,Torrey Craig,Mikal Bridges,Nikola Jokic,Devin Booker,Damian Lillard,Paul Millsap,Talen Horton-Tucker,20210603,220.98694116967215,239.0
Solomon Hill,Kawhi Leonard,Matisse Thybulle,Joel Embiid,Shake Milton,Luka Doncic,Daniel Oturu,Rajon Rondo,20210606,220.94688611167308,241.0
Bol Bol,Kevin Durant,Alize Johnson,Giannis Antetokounmpo,Kyrie Irving,Jeff Teague,Reggie Perry,Bryn Forbes,20210607,221.06426818581107,170.25
Thanasis Antetokounmpo,Kevin Durant,Miye Oni,Giannis Antetokounmpo,Kyrie Irving,Landry Shamet,Ivica Zubac,Patrick Beverley,20210610,221.04650411727428,185.25
Dario Saric,Shaquille Harrison,Vlatko Cancar,Nikola Jokic,George Hill,Trae Young,Joel Embiid,Austin Rivers,20210611,216.41951590245,209.75
Jeff Green,Kevin Durant,Thanasis Antetokounmpo,Giannis Antetokounmpo,Shaquille Harrison,Torrey Craig,Nikola Jokic,Chris Chiozza,20210613,219.31721473964328,184.75
Georges Niang,Miye Oni,Solomon Hill,Joel Embiid,Donovan Mitchell,Trae Young,Ivica Zubac,Reggie Jackson,20210616,220.87880043656662,209.5
Georges Niang,Solomon Hill,Luke Kennard,Joel Embiid,Paul George,Trae Young,Ivica Zubac,Tyrese Maxey,20210618,219.32057188588266,199.25
Dario Saric,Tobias Harris,Solomon Hill,Joel Embiid,Paul George,ETwaun Moore,Onyeka Okongwu,Patrick Beverley,20210620,211.33242812853825,184.75
Dario Saric,Cameron Johnson,Jae Crowder,Deandre Ayton,Paul George,Devin Booker,Ivica Zubac,Patrick Beverley,20210622,214.23643474554626,214.25
Danilo Gallinari,PJ Tucker,Bobby Portis,Giannis Antetokounmpo,Pat Connaughton,Trae Young,Clint Capela,Jeff Teague,20210623,213.18794908319376,250.75
Marcus Morris,Cameron Johnson,ETwaun Moore,Deandre Ayton,Paul George,Devin Booker,Daniel Oturu,Cameron Payne,20210624,218.7901684092295,173.25
Jordan Nwora,Pat Connaughton,PJ Tucker,Giannis Antetokounmpo,Khris Middleton,Trae Young,Bobby Portis,Bryn Forbes,20210625,220.4722305307604,183.25
Cameron Johnson,Marcus Morris,Nicolas Batum,Deandre Ayton,Paul George,Devin Booker,Ivica Zubac,Patrick Beverley,20210626,218.65381090221456,223.0
Thanasis Antetokounmpo,Solomon Hill,Danilo Gallinari,Giannis Antetokounmpo,Khris Middleton,Trae Young,Onyeka Okongwu,Bryn Forbes,20210627,221.03823451549388,211.25
Abdel Nader,Nicolas Batum,Mikal Bridges,Deandre Ayton,Paul George,Devin Booker,Dario Saric,Cameron Payne,20210628,219.32473459297415,199.0
Nathan Knight,Kris Dunn,Mamadi Diakite,Giannis Antetokounmpo,Khris Middleton,Jrue Holiday,Clint Capela,Jeff Teague,20210629,220.2915041956819,144.5
Jae Crowder,ETwaun Moore,Mikal Bridges,Torrey Craig,Paul George,Devin Booker,Daniel Oturu,Chris Paul,20210630,217.4390626307303,210.0
Nathan Knight,Kevin Huerter,Bobby Portis,John Collins,Khris Middleton,Jrue Holiday,Clint Capela,Kris Dunn,20210701,220.49036669833728,251.25
