SG,G,PF,SF,F,UTIL,PG,C,Date,Predicted,Actual
Luka Doncic,Damian Lillard,Kristaps Porzingis,Ben Simmons,Justise Winslow,Treveon Graham,Jordan McRae,Skal Labissiere,20191023,238.64913405400907,295.25
James Harden,Stephen Curry,Giannis Antetokounmpo,Khris Middleton,Luke Kennard,Bruno Fernando,Tim Frazier,Mfiondu Kabengele,20191024,238.68507766039554,240.5
Luka Doncic,LeBron James,Anthony Davis,Brandon Ingram,Marcus Morris,Troy Daniels,Cody Martin,Bismack Biyombo,20191025,238.65606337021418,282.25
James Harden,Russell Westbrook,Kawhi Leonard,Ben Simmons,PJ Tucker,Georges Niang,Tim Frazier,Chris Boucher,20191026,238.71116970036178,286.5
Luka Doncic,LeBron James,Anthony Davis,Justise Winslow,Kentavious Caldwell-Pope,Shabazz Napier,Cody Martin,Skal Labissiere,20191027,238.69006383429172,264.25
James Harden,Stephen Curry,Giannis Antetokounmpo,Brandon Ingram,Mario Hezonja,Damion Lee,Shake Milton,Damian Jones,20191028,238.72744672646297,287.75
Luka Doncic,LeBron James,Anthony Davis,Jimmy Butler,Maxi Kleber,Grayson Allen,DeAnthony Melton,Damian Jones,20191029,238.6939931122835,240.75
James Harden,Russell Westbrook,Giannis Antetokounmpo,Khris Middleton,Davis Bertans,Furkan Korkmaz,Ky Bowman,Chris Boucher,20191030,238.72047781098485,303.5
James Harden,LeBron James,Giannis Antetokounmpo,Gordon Hayward,Garrett Temple,Donte DiVincenzo,Brad Wanamaker,Amile Jefferson,20191101,238.76746943910535,330.5
Bradley Beal,Kyrie Irving,Giannis Antetokounmpo,Tobias Harris,Kent Bazemore,Gorgui Dieng,Donte DiVincenzo,Skal Labissiere,20191102,238.6985344028986,308.75
James Harden,LeBron James,Anthony Davis,DeMar DeRozan,Trevor Ariza,James Johnson,Chris Clemons,Tony Bradley,20191103,238.74137590149437,265.0
James Harden,Kyrie Irving,Giannis Antetokounmpo,Caris LeVert,Moritz Wagner,Donte DiVincenzo,Raul Neto,Bruno Caboclo,20191104,238.75382525485986,328.25
Malcolm Brogdon,LeBron James,Anthony Davis,Jimmy Butler,Kyle Kuzma,Damian Jones,Alex Caruso,Chris Silva,20191105,238.61926038659743,248.5
James Harden,Luka Doncic,Giannis Antetokounmpo,Bruce Brown,JaKarr Sampson,Raul Neto,Jordan McLaughlin,Taj Gibson,20191106,238.77807820225283,303.25
Devin Booker,Kemba Walker,Kawhi Leonard,Jayson Tatum,PJ Washington,Javonte Green,Elie Okobo,Vincent Poirier,20191107,238.61086281531806,205.25
Luka Doncic,LeBron James,Giannis Antetokounmpo,Aaron Gordon,Sterling Brown,Chris Boucher,Jordan McRae,Thon Maker,20191108,238.7289329477461,260.25
James Harden,Luka Doncic,Brandon Ingram,Danilo Gallinari,Jae Crowder,Kenrich Williams,DeAnthony Melton,Luke Kornet,20191109,238.75290895755714,307.75
Devin Booker,LeBron James,Giannis Antetokounmpo,Tobias Harris,Kevin Huerter,Terence Davis,Allonzo Trier,Damian Jones,20191110,238.62018763035417,288.0
James Harden,Luka Doncic,Kawhi Leonard,Jaylen Brown,Chris Boucher,Rondae Hollis-Jefferson,Jordan McLaughlin,Thon Maker,20191111,238.7801623020504,281.25
Devin Booker,LeBron James,Anthony Davis,Jimmy Butler,Kyle Kuzma,Chris Silva,Yogi Ferrell,Kyle OQuinn,20191112,238.62662569183564,265.75
James Harden,LeBron James,Kawhi Leonard,Aaron Gordon,Kentavious Caldwell-Pope,Carsen Edwards,Shake Milton,Kyle OQuinn,20191113,238.79275403240203,305.25
Luka Doncic,Trae Young,Giannis Antetokounmpo,Will Barton,Allen Crabbe,Rodney McGruder,Tyrone Wallace,Nicolo Melli,20191114,238.72912427917962,276.75
James Harden,LeBron James,Anthony Davis,Evan Fournier,Al-Farouq Aminu,Jordan McRae,Chris Clemons,Bismack Biyombo,20191115,238.81614968943447,282.5
James Harden,Luka Doncic,Giannis Antetokounmpo,Terance Mann,Nicolo Melli,Chris Clemons,Evan Turner,Isaiah Hartenstein,20191116,238.8184640306033,314.5
Bradley Beal,LeBron James,Anthony Davis,Ben Simmons,Omari Spellman,Ky Bowman,DeAnthony Melton,Nicolo Melli,20191117,238.70288809310512,281.75
James Harden,Luka Doncic,Giannis Antetokounmpo,Ben McLemore,Alfonzo McKinnie,Daniel Gafford,Brandon Knight,Gorgui Dieng,20191118,238.80859764073875,300.0
Jrue Holiday,LeBron James,Anthony Davis,Buddy Hield,Cameron Johnson,Quinn Cook,Elie Okobo,Cheick Diallo,20191119,238.66901074206822,252.5
James Harden,Luka Doncic,Giannis Antetokounmpo,Sterling Brown,Shaquille Harrison,Torrey Craig,Shake Milton,Khem Birch,20191120,238.80194722594752,296.0
Devin Booker,Jrue Holiday,Giannis Antetokounmpo,Brandon Ingram,Kenrich Williams,Tyler Johnson,Elie Okobo,Robin Lopez,20191121,238.51030915859337,297.5
James Harden,Luka Doncic,Anthony Davis,Glenn Robinson III,Darius Bazley,Justin James,Tyrone Wallace,Harry Giles,20191122,238.79482727659382,293.5
CJ McCollum,LeBron James,Giannis Antetokounmpo,Jeremy Lamb,Alfonzo McKinnie,Tony Bradley,Jordan Bone,DJ Wilson,20191123,238.67846170234006,225.0
Bradley Beal,Devin Booker,Kawhi Leonard,Paul George,Taj Gibson,Rodney McGruder,Malik Beasley,Patrick Patterson,20191124,238.71482568989785,192.25
Donovan Mitchell,LeBron James,Giannis Antetokounmpo,Bojan Bogdanovic,Georges Niang,Denzel Valentine,Tremont Waters,Harry Giles,20191125,238.67232111966914,282.25
Luka Doncic,Bradley Beal,Paul George,Kawhi Leonard,Justin Jackson,CJ Miles,Malik Beasley,Patrick Patterson,20191126,238.77328195202895,203.0
James Harden,LeBron James,Anthony Davis,Dillon Brooks,Abdel Nader,Gary Clark,Allonzo Trier,Moses Brown,20191127,238.8025184556496,262.25
Bradley Beal,Luka Doncic,Giannis Antetokounmpo,Rudy Gay,Marco Belinelli,Quinn Cook,Alex Caruso,Robin Lopez,20191129,238.7127722352924,256.5
James Harden,Russell Westbrook,Giannis Antetokounmpo,TJ Warren,Chandler Parsons,Robin Lopez,Tyrone Wallace,Goga Bitadze,20191130,238.80640245596342,260.5
Donovan Mitchell,Luka Doncic,Anthony Davis,Jayson Tatum,Bruno Caboclo,DeAnthony Melton,Grayson Allen,Drew Eubanks,20191201,238.66333617585633,309.25
Devin Booker,Trae Young,Giannis Antetokounmpo,Buddy Hield,Solomon Hill,Ty Jerome,Jevon Carter,Daniel Gafford,20191202,238.65961517052483,239.0
James Harden,Luka Doncic,Anthony Davis,PJ Tucker,Patrick Patterson,Nicolo Melli,Anfernee Simons,John Henson,20191203,238.82872506403322,313.0
DAngelo Russell,Luka Doncic,Giannis Antetokounmpo,Khris Middleton,Trevor Ariza,Doug McDermott,Jevon Carter,Daniel Gafford,20191204,238.67705838491375,219.0
James Harden,Russell Westbrook,Pascal Siakam,Ben Simmons,Mason Plumlee,Cameron Johnson,Malik Beasley,Ian Mahinmi,20191205,238.78726449908135,296.0
Bradley Beal,LeBron James,Giannis Antetokounmpo,Paul George,Denzel Valentine,Iman Shumpert,Michael Carter-Williams,Jordan Bell,20191206,238.67252822138175,248.5
James Harden,Russell Westbrook,Domantas Sabonis,Ben Simmons,Cedi Osman,Trey Burke,Aaron Holiday,Kyle OQuinn,20191207,238.76807525329684,338.25
Bradley Beal,Luka Doncic,Anthony Davis,Buddy Hield,Vince Carter,Shabazz Napier,Chris Chiozza,Ian Mahinmi,20191208,238.70155076123655,289.25
James Harden,Russell Westbrook,Giannis Antetokounmpo,Kris Dunn,Gordon Hayward,Gary Clark,Luguentz Dort,Vincent Poirier,20191209,238.80817320559643,250.5
Bradley Beal,Trae Young,Tobias Harris,Ben Simmons,Julius Randle,Mario Hezonja,Allonzo Trier,Anthony Tolliver,20191210,238.6350288334244,216.25
James Harden,LeBron James,Anthony Davis,Jordan Clarkson,Cody Martin,Theo Pinson,Shaquille Harrison,Bruno Fernando,20191211,238.84396856326202,292.5
CJ McCollum,Luka Doncic,Jayson Tatum,Ben Simmons,Tobias Harris,Daniel Theis,Matthew Dellavedova,Kyle OQuinn,20191212,237.91860369160057,253.0
James Harden,LeBron James,Giannis Antetokounmpo,Thaddeus Young,Damyean Dotson,Norvel Pelle,Raul Neto,DJ Wilson,20191213,238.83220551534237,288.25
James Harden,Jimmy Butler,Giannis Antetokounmpo,Thaddeus Young,Admiral Schofield,Chris Clemons,Patrick McCaw,John Henson,20191214,238.8430381856904,259.5
Buddy Hield,LeBron James,Anthony Davis,Brandon Ingram,Omari Spellman,Frank Ntilikina,Raul Neto,Norvel Pelle,20191215,238.65369801065566,267.0
James Harden,Russell Westbrook,Giannis Antetokounmpo,Thaddeus Young,Kyle Korver,Ryan Arcidiacono,Elie Okobo,Chris Boucher,20191216,238.84100615122762,269.0
Kawhi Leonard,LeBron James,Paul George,Buddy Hield,DeAndre Hunter,Taj Gibson,Dennis Smith Jr,Ed Davis,20191217,238.67286549138845,213.5
Jimmy Butler,Damian Lillard,Pascal Siakam,Ben Simmons,Jonathan Isaac,Treveon Graham,Nickeil Alexander-Walker,Anthony Tolliver,20191218,238.62475519819404,237.0
James Harden,LeBron James,Giannis Antetokounmpo,Royce ONeale,Rodney McGruder,Marco Belinelli,DeAndre Bembry,Bruno Fernando,20191219,238.82083815889786,246.25
Bradley Beal,Jimmy Butler,Brandon Ingram,Andrew Wiggins,Evan Fournier,Grant Williams,Yogi Ferrell,Chris Silva,20191220,238.630516309404,242.5
James Harden,Trae Young,Giannis Antetokounmpo,Maurice Harkless,Skal Labissiere,Tim Frazier,Trey Burke,Gary Clark,20191221,238.79532952266197,310.75
Jaylen Brown,Kemba Walker,Giannis Antetokounmpo,Paul George,Donte DiVincenzo,Landry Shamet,Malik Beasley,Tacko Fall,20191222,238.56365491341367,239.75
James Harden,Trae Young,Brandon Ingram,Tobias Harris,Damyean Dotson,Trey Lyles,Jordan McLaughlin,Noah Vonleh,20191223,238.76468626165908,333.25
James Harden,LeBron James,Giannis Antetokounmpo,Josh Hart,Maurice Harkless,Malik Beasley,Ky Bowman,Gary Clark,20191225,238.7876500332356,259.0
Bradley Beal,Luka Doncic,Kristaps Porzingis,Andrew Wiggins,Solomon Hill,Rodions Kurucs,Theo Pinson,Taj Gibson,20191226,238.72304029222832,189.75
Jimmy Butler,Trae Young,Domantas Sabonis,Ben Simmons,Josh Richardson,Edmond Sumner,Luguentz Dort,Bruno Fernando,20191227,238.58851175464991,214.25
James Harden,Luka Doncic,Anthony Davis,Bruce Brown,Noah Vonleh,Isaiah Hartenstein,Frank Ntilikina,Anthony Tolliver,20191228,238.77990638162902,320.0
Jrue Holiday,Luka Doncic,Anthony Davis,Brandon Ingram,Ben McLemore,Isaiah Hartenstein,Chris Clemons,Harry Giles,20191229,238.62764216467025,287.75
Donovan Mitchell,Damian Lillard,Giannis Antetokounmpo,Khris Middleton,Bruce Brown,Daniel Gafford,Brandon Goodwin,Tony Bradley,20191230,238.63130904544045,276.5
Luka Doncic,James Harden,Jayson Tatum,Tobias Harris,Patrick McCaw,Kyle OQuinn,Shake Milton,Alen Smailagic,20191231,238.7672559031118,256.5
Bradley Beal,LeBron James,Giannis Antetokounmpo,Khris Middleton,Kyle Korver,Avery Bradley,Frank Ntilikina,Khem Birch,20200101,238.67482537277414,317.5
Luka Doncic,Jimmy Butler,Kawhi Leonard,DeMar DeRozan,Eric Paschall,Sekou Doumbouya,Theo Pinson,Chris Silva,20200102,238.79406254245595,252.0
James Harden,LeBron James,Anthony Davis,Marcus Morris,Garrison Mathews,Jaxson Hayes,Elie Okobo,Taj Gibson,20200103,238.76732703919177,311.75
Spencer Dinwiddie,Trae Young,Giannis Antetokounmpo,Brandon Ingram,Vince Carter,Isaac Bonga,Malik Beasley,Bruno Fernando,20200104,238.6548895949096,240.75
Devin Booker,LeBron James,Anthony Davis,Andrew Wiggins,Kentavious Caldwell-Pope,Ante Zizic,Alex Caruso,Noah Vonleh,20200105,238.6515850314522,290.0
Donovan Mitchell,Luka Doncic,Giannis Antetokounmpo,Tobias Harris,Grant Williams,Daniel Gafford,Nickeil Alexander-Walker,Harry Giles,20200106,238.65398074416933,283.5
Devin Booker,LeBron James,Anthony Davis,Buddy Hield,Tony Snell,Dewayne Dedmon,Tyler Johnson,Mike Muscala,20200107,238.68065222099193,240.25
James Harden,Luka Doncic,Brandon Ingram,PJ Tucker,Edmond Sumner,Admiral Schofield,Malik Beasley,Tony Bradley,20200108,238.83946823382607,324.25
James Harden,Ben Simmons,Kevin Love,Tobias Harris,Cedi Osman,Keita Bates-Diop,Michael Frazier,Norvel Pelle,20200109,238.77498658133018,193.0
Devin Booker,Luka Doncic,Giannis Antetokounmpo,Davis Bertans,Sterling Brown,Doug McDermott,Josh Magette,Boban Marjanovic,20200110,238.67426365357673,255.5
Zach LaVine,Luka Doncic,Giannis Antetokounmpo,Bruce Brown,Luke Kornet,Frank Jackson,Quinn Cook,Anthony Tolliver,20200111,238.67053854466803,280.5
Bradley Beal,Kyrie Irving,Pascal Siakam,Kawhi Leonard,Reggie Bullock,Grayson Allen,Elie Okobo,Tony Bradley,20200112,238.67134751566113,216.25
Zach LaVine,LeBron James,Domantas Sabonis,Ben Simmons,Evan Fournier,Jahlil Okafor,Frank Jackson,Anthony Tolliver,20200113,238.60810009720174,323.0
James Harden,Luka Doncic,John Collins,Maurice Harkless,Solomon Hill,Boban Marjanovic,Jalen Brunson,Damian Jones,20200114,238.84714702496746,249.0
James Harden,Luka Doncic,Domantas Sabonis,Tim Hardaway Jr,PJ Dozier,Quinn Cook,Brad Wanamaker,Noah Vonleh,20200115,238.82462431576346,282.5
Devin Booker,Donovan Mitchell,Giannis Antetokounmpo,Khris Middleton,Terrence Ross,Brad Wanamaker,Jevon Carter,Patrick Patterson,20200116,238.63656339289824,276.5
Zach LaVine,Luka Doncic,Domantas Sabonis,Tobias Harris,Vince Carter,Kelly Olynyk,Jordan McLaughlin,Bruno Fernando,20200117,238.68183114585423,214.75
James Harden,LeBron James,Giannis Antetokounmpo,Josh Hart,Wilson Chandler,Gary Trent Jr,Langston Galloway,Dragan Bender,20200118,238.77959630101805,301.75
DeMar DeRozan,Jimmy Butler,Domantas Sabonis,Will Barton,LaMarcus Aldridge,Malik Beasley,TJ McConnell,James Johnson,20200119,238.4909319102196,248.0
James Harden,LeBron James,Giannis Antetokounmpo,Jae Crowder,PJ Dozier,Tony Bradley,Langston Galloway,Bruno Fernando,20200120,238.76982018814107,248.5
James Harden,LeBron James,Anthony Davis,Josh Richardson,Thon Maker,Reggie Jackson,Austin Rivers,Bruno Fernando,20200122,238.7775556325933,251.5
Bradley Beal,Luka Doncic,Anthony Davis,Caris LeVert,Carmelo Anthony,Trevor Ariza,Matthew Dellavedova,Caleb Swanigan,20200123,238.56729034759886,265.25
James Harden,Russell Westbrook,Domantas Sabonis,DeMar DeRozan,Keita Bates-Diop,Dion Waiters,Cory Joseph,Khem Birch,20200124,238.7709082734695,285.75
Zach LaVine,LeBron James,Anthony Davis,Tobias Harris,Caris LeVert,Luguentz Dort,Raul Neto,John Henson,20200125,238.65915601987015,276.0
Fred VanVleet,Damian Lillard,Domantas Sabonis,Kawhi Leonard,Rodney McGruder,Bruno Fernando,Jevon Carter,Patrick Patterson,20200126,238.66046229461483,325.5
Zach LaVine,Luka Doncic,Kevin Love,DeMar DeRozan,Khem Birch,Cory Joseph,Yogi Ferrell,John Henson,20200127,238.71801324703654,231.0
Devin Booker,Luka Doncic,Julius Randle,Bradley Beal,Cody Martin,Ty Jerome,Jalen Brunson,Chris Boucher,20200128,238.6965358554093,260.5
James Harden,Damian Lillard,Julius Randle,DeMar DeRozan,Harry Giles,Dennis Smith Jr,Cory Joseph,Chimezie Metu,20200129,238.74750022852274,260.75
Bradley Beal,Trae Young,Pascal Siakam,Ben Simmons,Matisse Thybulle,Cory Joseph,Patrick McCaw,John Henson,20200130,238.67728813293655,294.0
James Harden,Russell Westbrook,Giannis Antetokounmpo,Kris Dunn,Tony Snell,Pat Connaughton,Ty Jerome,Nicolo Melli,20200131,238.7543646070798,295.75
Bradley Beal,LeBron James,Domantas Sabonis,Jimmy Butler,Semi Ojeleye,Brandon Goodwin,Brad Wanamaker,Harry Giles,20200201,238.72412559336658,279.5
James Harden,Russell Westbrook,Giannis Antetokounmpo,OG Anunoby,Chandler Hutchison,Pat Connaughton,Jevon Carter,Cheick Diallo,20200202,238.7677916717817,300.25
Bradley Beal,Trae Young,Domantas Sabonis,Jimmy Butler,Grant Williams,Kelan Martin,Elie Okobo,Cheick Diallo,20200203,238.72890725974634,303.25
James Harden,Damian Lillard,Giannis Antetokounmpo,Kyle Kuzma,Gary Trent Jr,Caleb Swanigan,Quinn Cook,Nicolo Melli,20200204,238.80419941365847,291.5
Jimmy Butler,Trae Young,Domantas Sabonis,Kawhi Leonard,Patrick McCaw,Jordan Poole,Gabe Vincent,Kevon Looney,20200205,238.66257993994174,256.25
James Harden,LeBron James,Giannis Antetokounmpo,Danny Green,Ersan Ilyasova,Jaxson Hayes,Frank Jackson,Robin Lopez,20200206,238.81952442017422,238.5
James Harden,Bradley Beal,Domantas Sabonis,Tobias Harris,Royce ONeale,Thon Maker,Brandon Goodwin,Cheick Diallo,20200207,238.79853080107992,288.0
Devin Booker,LeBron James,Anthony Davis,Paul George,James Johnson,Matt Thomas,Ky Bowman,Boban Marjanovic,20200208,238.0873155122712,290.75
James Harden,Damian Lillard,Julius Randle,Tobias Harris,Reggie Bullock,Wayne Ellington,Amir Coffey,Mfiondu Kabengele,20200209,238.78043910860941,297.25
Devin Booker,LeBron James,Anthony Davis,Khris Middleton,OG Anunoby,Sterling Brown,Emmanuel Mudiay,Tony Bradley,20200210,238.6371081969362,287.75
James Harden,Damian Lillard,Jayson Tatum,Gordon Hayward,Josh Richardson,Ryan Arcidiacono,Frank Jackson,Jaxson Hayes,20200211,238.76185360284737,265.25
Bradley Beal,Luka Doncic,Anthony Davis,Draymond Green,Pat Connaughton,Bismack Biyombo,Jeremy Pargo,Gorgui Dieng,20200212,238.70075047381164,275.0
Jrue Holiday,Chris Paul,Zion Williamson,Kawhi Leonard,Paul George,Montrezl Harrell,Frank Jackson,Nerlens Noel,20200213,238.4436880192856,256.5
James Harden,Trae Young,Giannis Antetokounmpo,Harrison Barnes,Josh Jackson,Juan Toscano-Anderson,Shaquille Harrison,Robin Lopez,20200220,238.78070179000903,327.75
Bradley Beal,Luka Doncic,Anthony Davis,Jayson Tatum,Royce ONeale,Emmanuel Mudiay,Jevon Carter,Gorgui Dieng,20200221,238.70153384293744,323.5
James Harden,Trae Young,Giannis Antetokounmpo,Mikal Bridges,Kelly Olynyk,Dante Exum,Shake Milton,Daniel Gafford,20200222,238.75990111280424,308.25
Bradley Beal,Zach LaVine,Domantas Sabonis,Andrew Wiggins,Paul Millsap,Kelan Martin,Aaron Holiday,Kevon Looney,20200223,238.68355545805315,300.75
James Harden,Trae Young,Giannis Antetokounmpo,Terrence Ross,Kelan Martin,John Konchar,George Hill,Robin Lopez,20200224,238.77155836200708,283.25
CJ McCollum,LeBron James,Giannis Antetokounmpo,Buddy Hield,Abdel Nader,Alex Caruso,Brandon Knight,Goga Bitadze,20200225,238.69242779256464,302.5
James Harden,Trae Young,Jayson Tatum,Caris LeVert,DeMarre Carroll,Matthew Dellavedova,Allonzo Trier,Kyle OQuinn,20200226,238.77897892398622,293.25
CJ McCollum,Chris Paul,Anthony Davis,Tobias Harris,Danilo Gallinari,JaVale McGee,Quinn Cook,Kyle OQuinn,20200227,238.62477565752408,263.0
Bradley Beal,Luka Doncic,Giannis Antetokounmpo,Buddy Hield,ETwaun Moore,Tony Bradley,Brandon Goodwin,DJ Wilson,20200228,238.72151530569576,269.25
James Harden,LeBron James,Anthony Davis,Terrence Ross,Markieff Morris,Elie Okobo,Ty Jerome,Kevon Looney,20200229,238.7594928976761,227.75
Bradley Beal,LeBron James,Pascal Siakam,Brandon Ingram,Danny Green,Mike Scott,Quinn Cook,Donta Hall,20200301,238.7430287784926,258.5
James Harden,Trae Young,Giannis Antetokounmpo,Kevin Huerter,Wayne Ellington,Mario Hezonja,Bryn Forbes,Damian Jones,20200302,238.75169195206502,247.75
Bradley Beal,LeBron James,Anthony Davis,Danilo Gallinari,Troy Brown Jr,Jalen McDaniels,Chris Chiozza,Mike Muscala,20200303,238.7402467846947,270.25
Bradley Beal,Damian Lillard,Giannis Antetokounmpo,Terrence Ross,Semi Ojeleye,Chris Chiozza,Frank Jackson,Tony Bradley,20200304,238.74912523150573,277.5
James Harden,Russell Westbrook,Pascal Siakam,Tobias Harris,JaMychal Green,Jeff Green,Amir Coffey,Bruno Caboclo,20200305,238.74963422960246,229.5
Bradley Beal,Luka Doncic,Giannis Antetokounmpo,Joe Harris,Kevin Knox,Aron Baynes,DJ Augustin,Tony Bradley,20200306,238.74755090623728,311.0
CJ McCollum,Trae Young,John Collins,Tobias Harris,Kevin Huerter,Matthew Dellavedova,Raul Neto,Tony Bradley,20200307,238.602694278834,250.0
James Harden,LeBron James,Anthony Davis,Terrence Ross,Luguentz Dort,Jevon Carter,Cory Joseph,Drew Eubanks,20200308,238.7818684626956,259.25
Donovan Mitchell,Kyle Lowry,Pascal Siakam,Norman Powell,OG Anunoby,Devonte Graham,Frank Mason III,Robin Lopez,20200309,238.47754425390673,249.25
James Harden,Luka Doncic,Anthony Davis,Terrence Ross,Marco Belinelli,Rodney McGruder,Amir Coffey,Patrick Patterson,20200310,238.78193374996835,248.75
Tim Hardaway Jr,Luka Doncic,Tobias Harris,Will Barton,Christian Wood,Monte Morris,Joe Chealey,Boban Marjanovic,20200311,238.466398466345,270.0
Jrue Holiday,LeBron James,Anthony Davis,Brandon Ingram,Georges Niang,Dion Waiters,Frank Jackson,Patrick Patterson,20200730,238.66815393610656,206.0
James Harden,Russell Westbrook,Giannis Antetokounmpo,Gordon Hayward,Rodions Kurucs,Khem Birch,Jeremiah Martin,Donta Hall,20200731,238.76208313323292,330.75
Jrue Holiday,LeBron James,Anthony Davis,Paul George,JaMychal Green,Dion Waiters,Frank Jackson,Kelly Olynyk,20200801,238.64987501577963,237.25
James Harden,Luka Doncic,Giannis Antetokounmpo,Bogdan Bogdanovic,Rodions Kurucs,Cameron Payne,Jerian Grant,Gary Clark,20200802,238.77341472250424,281.25
Jrue Holiday,LeBron James,Anthony Davis,Tobias Harris,Dion Waiters,Raul Neto,Emmanuel Mudiay,Bol Bol,20200803,238.6762491139021,227.5
James Harden,Luka Doncic,Giannis Antetokounmpo,Duncan Robinson,Andre Iguodala,Justin Anderson,Frank Mason III,DJ Wilson,20200804,238.7827011129661,269.75
Caris LeVert,LeBron James,Anthony Davis,Ben Simmons,Dion Waiters,Robert Williams,Brad Wanamaker,Gary Clark,20200805,238.63638196552006,227.25
James Harden,Luka Doncic,Giannis Antetokounmpo,Duncan Robinson,Bol Bol,Austin Rivers,Quinn Cook,Markieff Morris,20200806,238.76079097893182,261.25
Jrue Holiday,Kyle Lowry,Brandon Ingram,Tobias Harris,Rui Hachimura,Furkan Korkmaz,Terence Davis,Alex Len,20200807,238.6322943208661,230.0
Devin Booker,LeBron James,Giannis Antetokounmpo,TJ Warren,Landry Shamet,Goga Bitadze,Gabe Vincent,Frank Kaminsky,20200808,238.6596594359213,266.0
James Harden,Damian Lillard,Jusuf Nurkic,Robert Covington,Zach Collins,DaQuan Jeffries,Terance Mann,Mike Muscala,20200809,238.75211450623863,275.5
Devin Booker,LeBron James,Anthony Davis,TJ Warren,Dion Waiters,Boban Marjanovic,Justin Wright-Foreman,Bol Bol,20200810,238.66412246587555,264.0
Devin Booker,Luka Doncic,Giannis Antetokounmpo,Jayson Tatum,Jabari Parker,Kyle OQuinn,Frank Mason III,Jahlil Okafor,20200811,238.68324698693354,310.75
James Harden,Kyle Lowry,Tobias Harris,Kawhi Leonard,Mike Scott,Patrick Patterson,Raul Neto,Chris Silva,20200812,238.75049364149655,285.0
Devin Booker,Luka Doncic,Jusuf Nurkic,Troy Brown Jr,Wes Iwundu,Jarrell Brantley,Yogi Ferrell,Johnathan Williams,20200813,238.70841290920015,260.25
James Harden,Shai Gilgeous-Alexander,Tobias Harris,Robert Covington,Danilo Gallinari,Bruno Caboclo,Chris Clemons,TJ Leaf,20200814,238.6992887627811,184.0
Donovan Mitchell,Luka Doncic,Jayson Tatum,Kawhi Leonard,Chris Boucher,Juwan Morgan,Emmanuel Mudiay,Robert Williams,20200817,238.6384131659592,294.0
James Harden,Damian Lillard,Giannis Antetokounmpo,Dion Waiters,Danny Green,Gary Clark,Michael Frazier,Khem Birch,20200818,238.79152660282747,224.5
Donovan Mitchell,Luka Doncic,Jayson Tatum,Paul George,Juwan Morgan,Grant Williams,Raul Neto,JaMychal Green,20200819,238.69515229902817,230.75
James Harden,Damian Lillard,Giannis Antetokounmpo,Justin Holiday,Wes Iwundu,JaKarr Sampson,Anfernee Simons,Robin Lopez,20200820,238.79378721061428,213.25
Donovan Mitchell,Luka Doncic,Jayson Tatum,Paul George,Georges Niang,Justin Anderson,Jeremiah Martin,Bol Bol,20200821,238.70016661938158,205.0
James Harden,Damian Lillard,Giannis Antetokounmpo,Justin Holiday,Kyle Korver,Vic Law,Anfernee Simons,Ersan Ilyasova,20200822,238.77402904784066,227.5
Donovan Mitchell,Caris LeVert,Jayson Tatum,Kawhi Leonard,OG Anunoby,Stanley Johnson,Jeremiah Martin,Lance Thomas,20200823,238.67658166256547,301.25
James Harden,Damian Lillard,Giannis Antetokounmpo,Justin Holiday,Jared Dudley,Quinn Cook,Jaylen Adams,Ersan Ilyasova,20200824,238.77691102806898,190.5
Donovan Mitchell,Luka Doncic,Marcus Morris,Kawhi Leonard,Royce ONeale,Delon Wright,Terance Mann,Tony Bradley,20200825,238.66061105883563,212.5
James Harden,LeBron James,Giannis Antetokounmpo,Luguentz Dort,Markieff Morris,Abdel Nader,Michael Frazier,Ersan Ilyasova,20200829,238.78178320145625,221.5
Donovan Mitchell,Luka Doncic,Jayson Tatum,Jaylen Brown,Georges Niang,Semi Ojeleye,Terance Mann,Robert Williams,20200830,238.69198427667126,243.5
Jamal Murray,Kemba Walker,Jayson Tatum,Kawhi Leonard,Paul Millsap,Mason Plumlee,PJ Dozier,Bol Bol,20200903,238.66651135216776,222.75
James Harden,LeBron James,Giannis Antetokounmpo,Danny Green,Ben McLemore,Kyle Korver,Gabe Vincent,Meyers Leonard,20200904,238.77583030907763,175.0
James Harden,LeBron James,Giannis Antetokounmpo,Danny Green,Ben McLemore,Dion Waiters,Austin Rivers,Markieff Morris,20200906,238.7206924437755,181.5
Jamal Murray,Paul George,Jayson Tatum,Kawhi Leonard,Norman Powell,Terence Davis,Tremont Waters,Chris Boucher,20200907,238.65798425328794,219.0
Jamal Murray,Paul George,Pascal Siakam,Kawhi Leonard,Jerami Grant,Torrey Craig,PJ Dozier,Mason Plumlee,20200909,237.9963190003055,180.25
Jamal Murray,Kyle Lowry,Jayson Tatum,Kawhi Leonard,JaMychal Green,Brad Wanamaker,Terance Mann,Mason Plumlee,20200911,238.62614232490768,219.0
Jamal Murray,Paul George,Jae Crowder,Kawhi Leonard,Marcus Morris,Tyler Herro,PJ Dozier,Mason Plumlee,20200915,238.5470504205863,206.5
Jimmy Butler,Jaylen Brown,Jayson Tatum,Duncan Robinson,Jae Crowder,Marcus Smart,Kendrick Nunn,Kelly Olynyk,20200917,236.6285018856275,197.75
Jamal Murray,LeBron James,Anthony Davis,Kyle Kuzma,Jerami Grant,Danny Green,PJ Dozier,Mason Plumlee,20200918,238.5926274616886,213.25
Jimmy Butler,Jaylen Brown,Jayson Tatum,Gordon Hayward,Jae Crowder,Daniel Theis,Kendrick Nunn,Kelly Olynyk,20200919,237.2646835823087,222.75
Jamal Murray,LeBron James,Anthony Davis,Jerami Grant,Kyle Kuzma,Danny Green,PJ Dozier,Dwight Howard,20200920,238.57583723276068,216.25
Jamal Murray,LeBron James,Anthony Davis,Jerami Grant,Paul Millsap,Torrey Craig,Monte Morris,JaVale McGee,20200922,238.58659449852007,252.25
Jimmy Butler,Jaylen Brown,Jayson Tatum,Gordon Hayward,Jae Crowder,Daniel Theis,Brad Wanamaker,Robert Williams,20200923,238.5055983045444,214.25
Jamal Murray,LeBron James,Anthony Davis,Jerami Grant,Paul Millsap,Kyle Kuzma,Monte Morris,Mason Plumlee,20200924,238.56813587223104,223.5
Jimmy Butler,Jaylen Brown,Jayson Tatum,Gordon Hayward,Jae Crowder,Daniel Theis,Brad Wanamaker,Kelly Olynyk,20200925,237.28748729032174,236.75
Jamal Murray,LeBron James,Anthony Davis,Jerami Grant,Paul Millsap,Kentavious Caldwell-Pope,PJ Dozier,Mason Plumlee,20200926,238.61969977467953,242.25
Jimmy Butler,Jaylen Brown,Jayson Tatum,Gordon Hayward,Jae Crowder,Daniel Theis,Brad Wanamaker,Robert Williams,20200927,237.3303742073632,204.25
Kawhi Leonard,LeBron James,Anthony Davis,Andrew Wiggins,Joe Harris,Brad Wanamaker,Quinn Cook,Reggie Perry,20201222,238.63687634876845,155.0
Devin Booker,Luka Doncic,Giannis Antetokounmpo,Ben Simmons,Georges Niang,Josh Jackson,Adam Mokoka,JaVale McGee,20201223,238.6831281020174,260.5
Paul George,Luka Doncic,Giannis Antetokounmpo,Khris Middleton,Talen Horton-Tucker,Precious Achiuwa,Payton Pritchard,Isaiah Hartenstein,20201225,238.675996598773,235.75
James Harden,Russell Westbrook,Domantas Sabonis,DeMar DeRozan,Aleksej Pokusevski,JaeSean Tate,Dante Exum,Trey Lyles,20201226,238.75716609044548,293.0
Devin Booker,LeBron James,Giannis Antetokounmpo,Brandon Ingram,Jarred Vanderbilt,Robert Williams,Dante Exum,Tony Bradley,20201227,238.7106367594953,286.75
James Harden,Damian Lillard,Anthony Davis,Will Barton,Rodney Hood,Saddiq Bey,Facundo Campazzo,Isaiah Stewart,20201228,238.77305090851124,207.25
Bradley Beal,Russell Westbrook,Giannis Antetokounmpo,Brandon Ingram,Stanley Johnson,Isaiah Roby,Bryn Forbes,Isaiah Stewart,20201229,238.70266410775713,256.75
Paul George,Luka Doncic,Giannis Antetokounmpo,Khris Middleton,Maxi Kleber,John Konchar,Carsen Edwards,Harry Giles,20201230,238.66246663332015,257.75
James Harden,Russell Westbrook,Domantas Sabonis,Brandon Ingram,Garrett Temple,Daniel Gafford,Tyrese Maxey,Alex Len,20201231,238.76064640601595,274.75
Bradley Beal,Luka Doncic,Giannis Antetokounmpo,DeMar DeRozan,Jerome Robinson,Denzel Valentine,Bryn Forbes,Daniel Gafford,20210101,238.70811966874084,304.75
Fred VanVleet,Trae Young,Domantas Sabonis,Ben Simmons,Chris Boucher,Gary Clark,Immanuel Quickley,Thon Maker,20210102,238.60768512908044,250.25
Bradley Beal,Russell Westbrook,Anthony Davis,DeMar DeRozan,Paul Millsap,Facundo Campazzo,Tre Jones,Trey Lyles,20210103,238.6663009462379,256.0
James Harden,Luka Doncic,Giannis Antetokounmpo,Darius Bazley,Semi Ojeleye,Wayne Ellington,Terence Davis,Thon Maker,20210104,238.7739285224631,299.75
CJ McCollum,LeBron James,Anthony Davis,Kawhi Leonard,Luke Kennard,Tyler Johnson,Bruce Brown,Reggie Perry,20210105,238.6497885938194,288.75
James Harden,Russell Westbrook,Giannis Antetokounmpo,Terrence Ross,Glenn Robinson III,Jordan Nwora,Brandon Goodwin,Thon Maker,20210106,238.76997484023042,252.0
CJ McCollum,Luka Doncic,Anthony Davis,Ben Simmons,James Johnson,Chris Chiozza,Anfernee Simons,Boban Marjanovic,20210107,238.66617914042837,246.25
James Harden,Russell Westbrook,Giannis Antetokounmpo,Eric Gordon,Ben McLemore,Terence Davis,Langston Galloway,Tacko Fall,20210108,238.76853052696123,232.25
CJ McCollum,Luka Doncic,Domantas Sabonis,Gordon Hayward,Doug McDermott,Trey Burke,Anfernee Simons,Moritz Wagner,20210109,238.6551501238632,283.25
James Harden,LeBron James,Anthony Davis,RJ Barrett,Talen Horton-Tucker,Trey Lyles,Facundo Campazzo,Isaiah Roby,20210110,238.75295989308367,237.0
Bradley Beal,Damian Lillard,Giannis Antetokounmpo,RJ Barrett,Kevin Knox,Stanley Johnson,Jordan Bone,Nathan Knight,20210111,238.72068209287903,251.5
James Harden,LeBron James,Anthony Davis,Caris LeVert,Precious Achiuwa,Gabe Vincent,Yogi Ferrell,Chris Silva,20210112,238.75784784257905,280.25
Paul George,Luka Doncic,Giannis Antetokounmpo,RJ Barrett,Grayson Allen,Kenrich Williams,Chris Chiozza,Jaxson Hayes,20210113,238.70096714362012,318.5
CJ McCollum,Stephen Curry,Domantas Sabonis,Ben Simmons,Miles Bridges,Sterling Brown,TJ McConnell,Harry Giles,20210114,238.6339897362426,298.5
Zach LaVine,Luka Doncic,Giannis Antetokounmpo,Harrison Barnes,Pat Connaughton,Terance Mann,Alex Caruso,Chimezie Metu,20210115,238.70946222927915,287.75
James Harden,Damian Lillard,Kevin Durant,Gordon Hayward,David Nwaba,Mason Jones,Kendrick Nunn,Reggie Perry,20210116,238.7435017183473,313.75
Zach LaVine,Luka Doncic,Domantas Sabonis,RJ Barrett,Edmond Sumner,Ryan Arcidiacono,Facundo Campazzo,Patrick Patterson,20210117,238.7161941513574,271.75
James Harden,Luka Doncic,Giannis Antetokounmpo,Joe Harris,Maurice Harkless,Daniel Gafford,Ryan Arcidiacono,Aron Baynes,20210118,238.76316113938788,246.25
Donovan Mitchell,Shai Gilgeous-Alexander,Brandon Ingram,Will Barton,Zion Williamson,Gary Harris,Facundo Campazzo,Isaiah Hartenstein,20210119,238.52685656995592,219.25
James Harden,Luka Doncic,Kevin Durant,OG Anunoby,Jaden McDaniels,Terence Davis,Cory Joseph,Aron Baynes,20210120,238.76655981193272,325.75
Donovan Mitchell,Stephen Curry,Giannis Antetokounmpo,LeBron James,Kentavious Caldwell-Pope,Georges Niang,DJ Augustin,Udoka Azubuike,20210121,238.63186043594996,262.5
James Harden,Luka Doncic,Julius Randle,Tobias Harris,Obi Toppin,Rajon Rondo,Jaylen Nowell,Isaiah Stewart,20210122,238.75917007952597,280.25
James Harden,Luka Doncic,Kevin Durant,Andrew Wiggins,Kenyon Martin Jr,Boban Marjanovic,Jordan Poole,Cristiano Felicio,20210123,238.75085930179452,246.0
Bradley Beal,Russell Westbrook,Giannis Antetokounmpo,RJ Barrett,Jerome Robinson,Gary Clark,Cassius Winston,Tacko Fall,20210124,238.72857706943006,225.5
James Harden,Luka Doncic,Kevin Durant,Andrew Wiggins,Furkan Korkmaz,Tony Bradley,Brad Wanamaker,Goga Bitadze,20210125,238.73545662009167,293.75
Bradley Beal,Russell Westbrook,Julius Randle,Eric Gordon,JaeSean Tate,Anthony Gill,Brandon Goodwin,Jordan Bell,20210126,238.6849223100213,210.0
Bradley Beal,Luka Doncic,Giannis Antetokounmpo,Harrison Barnes,Abdel Nader,Jordan Bell,Jaylen Nowell,Kevon Looney,20210127,238.74005934295224,304.75
Victor Oladipo,Damian Lillard,Jerami Grant,LeBron James,Eric Paschall,Gabe Vincent,Langston Galloway,Frank Kaminsky,20210128,238.64428011054977,284.0
James Harden,Luka Doncic,Giannis Antetokounmpo,RJ Barrett,Juwan Morgan,Hassan Whiteside,Cory Joseph,Reggie Perry,20210129,238.74345801549708,323.75
Zach LaVine,Luka Doncic,Giannis Antetokounmpo,Jimmy Butler,Precious Achiuwa,Malik Monk,Jordan Poole,Kevon Looney,20210130,238.67786931502297,296.0
Bradley Beal,Paul George,Kevin Durant,Ben Simmons,Yuta Watanabe,Paul Watson,Jordan Bone,Taj Gibson,20210131,238.7306004699309,246.25
Zach LaVine,Luka Doncic,Giannis Antetokounmpo,DeMar DeRozan,Nassir Little,DJ Augustin,Langston Galloway,Moses Brown,20210201,238.68912653332453,246.5
James Harden,Damian Lillard,Kevin Durant,Gary Trent Jr,DeAndre Bembry,Juan Toscano-Anderson,Jordan Bone,Chuma Okeke,20210202,238.76036584550454,269.0
Bradley Beal,Luka Doncic,Giannis Antetokounmpo,RJ Barrett,Sterling Brown,Kenrich Williams,Cory Joseph,Goga Bitadze,20210203,238.718977193065,293.25
Donovan Mitchell,Luka Doncic,Anthony Davis,Andrew Wiggins,Brandon Clarke,Harry Giles,RJ Hampton,Boban Marjanovic,20210204,238.58657421356307,198.0
James Harden,Bradley Beal,Giannis Antetokounmpo,Jerami Grant,Saddiq Bey,ETwaun Moore,Tomas Satoransky,Goga Bitadze,20210205,238.75092005868254,245.0
James Harden,Luka Doncic,Giannis Antetokounmpo,Josh Jackson,Vlatko Cancar,Frank Mason III,Jordan McLaughlin,Norvel Pelle,20210206,238.76036654378947,275.5
Bradley Beal,Russell Westbrook,Jayson Tatum,Kawhi Leonard,Davis Bertans,Terance Mann,Kyle Guy,Taj Gibson,20210207,238.67461561366042,216.0
Bradley Beal,Luka Doncic,Giannis Antetokounmpo,Norman Powell,Devin Vassell,Ben McLemore,Damyean Dotson,JaVale McGee,20210208,238.68269219113176,235.75
James Harden,Stephen Curry,Jayson Tatum,Jaylen Brown,Miye Oni,Kira Lewis Jr,Chris Chiozza,Precious Achiuwa,20210209,238.76401306534,214.5
James Harden,Luka Doncic,Giannis Antetokounmpo,Anthony Edwards,Cody Martin,Kira Lewis Jr,Facundo Campazzo,JaVale McGee,20210210,238.74747698500255,277.5
Fred VanVleet,Stephen Curry,Jayson Tatum,Jimmy Butler,Juan Toscano-Anderson,Max Strus,Dennis Smith Jr,Tacko Fall,20210211,238.63037042605072,257.0
Zach LaVine,Luka Doncic,Giannis Antetokounmpo,Hamidou Diallo,Semi Ojeleye,Nemanja Bjelica,Skylar Mays,Harry Giles,20210212,238.69945357523966,334.75
James Harden,Stephen Curry,Kevin Durant,Andrew Wiggins,Danilo Gallinari,Georges Niang,Brandon Goodwin,Taj Gibson,20210213,238.71649093284756,255.75
Fred VanVleet,Luka Doncic,Giannis Antetokounmpo,Jerami Grant,Cedi Osman,Facundo Campazzo,Dennis Smith Jr,Zeke Nnaji,20210214,238.66129188921786,302.0
Zach LaVine,James Harden,Julius Randle,Ben Simmons,Deni Avdija,Amir Coffey,Brad Wanamaker,Precious Achiuwa,20210215,238.67912486812727,324.5
Devin Booker,James Harden,Giannis Antetokounmpo,Jaylen Brown,John Konchar,Nassir Little,Markus Howard,Isaiah Hartenstein,20210216,238.6645396636258,261.25
Bradley Beal,Damian Lillard,Domantas Sabonis,Jaylen Brown,Furkan Korkmaz,Ben McLemore,Skylar Mays,Precious Achiuwa,20210217,238.7161569094669,312.5
Kyrie Irving,James Harden,Giannis Antetokounmpo,Kyle Kuzma,Talen Horton-Tucker,Andre Iguodala,Quinn Cook,Precious Achiuwa,20210218,238.6723486806526,229.25
Zach LaVine,Stephen Curry,Giannis Antetokounmpo,Khris Middleton,JJ Redick,Ryan Arcidiacono,Terence Davis,Jaxson Hayes,20210219,238.69977548121875,273.5
Bradley Beal,Damian Lillard,Gordon Hayward,Jimmy Butler,Juan Toscano-Anderson,Brad Wanamaker,Justise Winslow,Damian Jones,20210220,238.6997206779641,254.75
Paul George,James Harden,Giannis Antetokounmpo,Norman Powell,Reggie Bullock,Saben Lee,Kyle Guy,Onyeka Okongwu,20210221,238.68961614292846,271.0
Bradley Beal,Luka Doncic,Gordon Hayward,Jimmy Butler,Deni Avdija,Nassir Little,Jevon Carter,Dwight Powell,20210222,238.71669076153984,252.0
Bradley Beal,Luka Doncic,Giannis Antetokounmpo,Buddy Hield,Solomon Hill,Tony Snell,Jaylen Nowell,Boban Marjanovic,20210223,238.71391802184132,292.5
Donovan Mitchell,LeBron James,Domantas Sabonis,Gordon Hayward,Dario Saric,Markieff Morris,Jeff Teague,Kevon Looney,20210224,238.66198892723168,253.25
Bradley Beal,Luka Doncic,Giannis Antetokounmpo,Terrence Ross,Taj Gibson,Boban Marjanovic,Frank Ntilikina,Isaiah Hartenstein,20210225,238.69787868742492,225.25
Zach LaVine,LeBron James,Domantas Sabonis,Jerami Grant,Luke Kornet,Ty Jerome,Edmond Sumner,Kevon Looney,20210226,238.71586374715503,269.0
Bradley Beal,James Harden,Domantas Sabonis,Anthony Edwards,Trey Lyles,Georges Niang,Chasson Randle,Alex Len,20210227,238.6836587983125,258.0
Bradley Beal,LeBron James,Julius Randle,Jerami Grant,Kent Bazemore,Precious Achiuwa,Brad Wanamaker,Gorgui Dieng,20210228,238.70540984998303,267.0
Zach LaVine,James Harden,Domantas Sabonis,Terrence Ross,Denzel Valentine,JJ Redick,Trey Burke,Dwight Powell,20210301,238.6934837298982,263.75
Bradley Beal,LeBron James,Giannis Antetokounmpo,RJ Barrett,Talen Horton-Tucker,PJ Dozier,Terance Mann,Alex Len,20210302,238.70602619180593,229.25
Zach LaVine,James Harden,Domantas Sabonis,Gordon Hayward,Kent Bazemore,JJ Redick,Trey Burke,Jaxson Hayes,20210303,238.70147660415282,309.75
Bradley Beal,Damian Lillard,Giannis Antetokounmpo,Andrew Wiggins,Grant Williams,Cameron Payne,Jordan Poole,Jaxson Hayes,20210304,238.72841051382525,328.25
Bradley Beal,Luka Doncic,Kristaps Porzingis,DeMar DeRozan,Maxi Kleber,Troy Brown Jr,Tre Jones,Willie Cauley-Stein,20210310,238.68114848251417,256.0
Zach LaVine,James Harden,Giannis Antetokounmpo,Andrew Wiggins,Matisse Thybulle,Aleksej Pokusevski,Kira Lewis Jr,Moses Brown,20210311,238.71954855850575,285.0
Bradley Beal,LeBron James,Domantas Sabonis,Kyle Anderson,Doug McDermott,Kenyon Martin Jr,Kira Lewis Jr,Drew Eubanks,20210312,238.68100586967904,211.5
Kyrie Irving,James Harden,Giannis Antetokounmpo,Josh Jackson,Jake Layman,Paul Watson,Edmond Sumner,Henry Ellenson,20210313,238.70908252196918,264.0
Zach LaVine,Damian Lillard,Jayson Tatum,Kawhi Leonard,Darius Miller,Kira Lewis Jr,Amir Coffey,Henry Ellenson,20210314,238.698138924345,246.25
Bradley Beal,James Harden,Giannis Antetokounmpo,Buddy Hield,Sekou Doumbouya,Drew Eubanks,Jevon Carter,Damian Jones,20210315,238.70975212203746,295.25
Zach LaVine,Damian Lillard,Julius Randle,Brandon Ingram,Taj Gibson,Nathan Knight,Quinn Cook,Daniel Gafford,20210316,238.6882734466515,268.75
Bradley Beal,James Harden,Giannis Antetokounmpo,Harrison Barnes,Devin Vassell,Mason Jones,Tyler Johnson,Kevon Looney,20210317,238.699135187364,300.75
Bradley Beal,Damian Lillard,Julius Randle,Gordon Hayward,Jake Layman,Frank Ntilikina,Langston Galloway,Khem Birch,20210318,238.6852582134061,249.5
Kyrie Irving,James Harden,Domantas Sabonis,DeMar DeRozan,Rodney Hood,Lamar Stevens,Trey Burke,Goga Bitadze,20210319,238.7016440938916,254.25
Paul George,DeAaron Fox,Giannis Antetokounmpo,DeMar DeRozan,Matisse Thybulle,Patrick Patterson,Tre Jones,Mfiondu Kabengele,20210320,238.6507152750299,236.25
Kyrie Irving,Luka Doncic,Domantas Sabonis,Jaylen Brown,Garrison Mathews,Daniel Gafford,Ryan Arcidiacono,Isaiah Hartenstein,20210321,238.70352077798012,252.25
Donovan Mitchell,DeAaron Fox,Domantas Sabonis,Kawhi Leonard,Kenyon Martin Jr,Justin Jackson,Quinn Cook,DJ Wilson,20210322,238.63243447373426,260.0
Bradley Beal,James Harden,Julius Randle,Aaron Gordon,Al-Farouq Aminu,Kira Lewis Jr,Gabe Vincent,Moritz Wagner,20210323,238.6930389711645,285.25
Donovan Mitchell,Luka Doncic,Giannis Antetokounmpo,Jerami Grant,Alize Johnson,Reggie Perry,Edmond Sumner,DJ Wilson,20210324,238.6859809613826,283.75
Bradley Beal,Russell Westbrook,Julius Randle,Kyle Kuzma,Juan Toscano-Anderson,Garrison Mathews,Kyle Guy,Chimezie Metu,20210325,238.68472760795925,283.0
Donovan Mitchell,James Harden,Giannis Antetokounmpo,Kyle Kuzma,Thanasis Antetokounmpo,Goga Bitadze,Trey Burke,Tyler Cook,20210326,238.68929799090176,250.5
Bradley Beal,Russell Westbrook,Zion Williamson,Kawhi Leonard,Mike Scott,Thanasis Antetokounmpo,Trey Burke,Boban Marjanovic,20210327,238.69284275972143,298.25
CJ McCollum,Damian Lillard,Pascal Siakam,Kyle Kuzma,John Collins,PJ Dozier,Brandon Goodwin,Onyeka Okongwu,20210328,238.53831839437473,228.75
Kyrie Irving,Russell Westbrook,Giannis Antetokounmpo,Alec Burks,Chandler Hutchison,Jerome Robinson,Ryan Arcidiacono,Tyler Cook,20210329,238.72471798068364,273.25
Devin Booker,Russell Westbrook,Tobias Harris,Kawhi Leonard,JaMychal Green,Dario Saric,Tyrese Maxey,Onyeka Okongwu,20210330,238.62957411970993,235.75
Kyrie Irving,James Harden,Giannis Antetokounmpo,Anthony Edwards,Justin Jackson,Darius Miller,Ryan Arcidiacono,Drew Eubanks,20210331,238.71643511259578,249.25
Kyrie Irving,Russell Westbrook,Tobias Harris,Gordon Hayward,PJ Dozier,Onyeka Okongwu,Tyrese Maxey,Nemanja Bjelica,20210401,238.71056688424653,189.25
Donovan Mitchell,Luka Doncic,Giannis Antetokounmpo,Andrew Wiggins,Naz Reid,James Johnson,Malachi Flynn,Onyeka Okongwu,20210402,238.68362249055596,306.5
Donovan Mitchell,Russell Westbrook,Julius Randle,Ben Simmons,Nassir Little,Aaron Holiday,Matthew Dellavedova,Nemanja Bjelica,20210403,238.68413615477616,269.25
Kyrie Irving,Stephen Curry,Tobias Harris,Kawhi Leonard,Furkan Korkmaz,Paul Reed,Ryan Arcidiacono,DJ Wilson,20210404,238.72096251765174,238.75
Kyrie Irving,Russell Westbrook,Julius Randle,Jerami Grant,DeAndre Bembry,Luka Samanic,Matthew Dellavedova,Tyler Cook,20210405,238.72922200648077,303.25
Paul George,Stephen Curry,Jayson Tatum,Kawhi Leonard,Markieff Morris,DeAndre Bembry,Jeff Teague,Goga Bitadze,20210406,238.61598365463624,305.25
Kyrie Irving,Russell Westbrook,Julius Randle,RJ Barrett,JaMychal Green,Jalen McDaniels,Chris Chiozza,Goga Bitadze,20210407,238.73557083888434,312.5
Devin Booker,Luka Doncic,Kristaps Porzingis,Jimmy Butler,Nassir Little,Rajon Rondo,Matthew Dellavedova,Jahlil Okafor,20210408,238.69373614395238,279.25
Bradley Beal,Russell Westbrook,Zion Williamson,Ben Simmons,Jalen McDaniels,Jordan Nwora,Bryn Forbes,Mamadi Diakite,20210409,238.69717194557657,325.25
Kyrie Irving,Russell Westbrook,Kevin Durant,Andrew Wiggins,Isaac Okoro,Alfonzo McKinnie,Frank Jackson,Daniel Gafford,20210410,238.7324040092171,251.25
Zach LaVine,Luka Doncic,Julius Randle,Brandon Ingram,Patrick Patterson,Brandon Goodwin,Trey Burke,Precious Achiuwa,20210411,238.67112862324416,241.0
Donovan Mitchell,Russell Westbrook,Zion Williamson,Tobias Harris,Matisse Thybulle,Wes Iwundu,Armoni Brooks,DJ Wilson,20210412,238.69618081111693,268.25
Donovan Mitchell,Damian Lillard,Jayson Tatum,Jimmy Butler,Cameron Johnson,Caleb Martin,Amir Coffey,Bismack Biyombo,20210413,238.69180154572183,278.75
Kyrie Irving,Russell Westbrook,Zion Williamson,OG Anunoby,Donta Hall,Jarred Vanderbilt,Amir Coffey,Dewayne Dedmon,20210414,238.72354253829644,297.75
Devin Booker,Stephen Curry,Giannis Antetokounmpo,Andrew Wiggins,Maurice Harkless,Payton Pritchard,Tremont Waters,Luke Kornet,20210415,238.6625562120228,224.75
Kyrie Irving,Luka Doncic,Zion Williamson,Miles Bridges,Danny Green,Paul Watson,Anfernee Simons,Jarred Vanderbilt,20210416,238.71033469270876,321.5
Devin Booker,Russell Westbrook,Giannis Antetokounmpo,Andrew Wiggins,Desmond Bane,Jevon Carter,Frank Jackson,Gorgui Dieng,20210417,238.67163049772458,268.0
Kyrie Irving,Luka Doncic,Zion Williamson,Miles Bridges,Luke Kennard,Dewayne Dedmon,Devin Cannady,Rondae Hollis-Jefferson,20210418,238.68850153557668,258.25
Bradley Beal,Russell Westbrook,Jayson Tatum,Andrew Wiggins,Cameron Johnson,Matisse Thybulle,Tremont Waters,Dewayne Dedmon,20210419,238.68464596493365,279.0
Kyrie Irving,DeAaron Fox,Julius Randle,Miles Bridges,Josh Okogie,Chimezie Metu,Devin Cannady,Donta Hall,20210420,238.7120969441185,213.0
Kyrie Irving,Russell Westbrook,Kristaps Porzingis,Harrison Barnes,Lauri Markkanen,Oshae Brissett,Tyrese Maxey,Damian Jones,20210421,238.7045769638635,328.25
Devin Booker,Luka Doncic,Giannis Antetokounmpo,Kyle Kuzma,Ben McLemore,Tyrese Maxey,Devin Cannady,Willie Cauley-Stein,20210422,238.67213657589255,243.25
Kyrie Irving,Russell Westbrook,Jayson Tatum,Luguentz Dort,Anthony Gill,Amir Coffey,Mychal Mulder,Patrick Patterson,20210423,238.73272275845378,296.5
Caris LeVert,Luka Doncic,Giannis Antetokounmpo,DeMar DeRozan,Denzel Valentine,Nicolo Melli,Jeff Teague,Marc Gasol,20210424,238.65414311804955,278.25
Bradley Beal,Russell Westbrook,Giannis Antetokounmpo,Kevin Huerter,Cedi Osman,Robert Franks,Tyler Johnson,JaKarr Sampson,20210425,238.7228492322721,263.5
Paul George,Luka Doncic,Zion Williamson,OG Anunoby,Justise Winslow,Trey Burke,Amir Coffey,Willie Cauley-Stein,20210426,238.70879683289843,220.0
Kyrie Irving,Luka Doncic,Giannis Antetokounmpo,Andrew Wiggins,Jarred Vanderbilt,Mychal Mulder,Tyler Johnson,Luke Kornet,20210427,238.71284057823263,295.0
Bradley Beal,Russell Westbrook,Julius Randle,RJ Barrett,Jarrell Brantley,Aaron Nesmith,Skylar Mays,Derrick Favors,20210428,238.73211926698107,312.25
Caris LeVert,Stephen Curry,Giannis Antetokounmpo,Brandon Ingram,Yuta Watanabe,Alize Johnson,Aaron Holiday,Boban Marjanovic,20210429,238.65181339089014,267.75
Paul George,Russell Westbrook,Zion Williamson,Joe Ingles,Max Strus,Gabriel Deck,Tyus Jones,Tyler Cook,20210501,238.73131932821633,296.25
Jaylen Brown,Luka Doncic,Julius Randle,Miles Bridges,Isaiah Roby,DeAndre Bembry,Jevon Carter,Boban Marjanovic,20210502,238.64109013843728,255.0
Bradley Beal,Russell Westbrook,Julius Randle,Andrew Wiggins,Taj Gibson,Chasson Randle,Alex Caruso,Marc Gasol,20210503,238.7105963261987,326.25
Paul George,Luka Doncic,Giannis Antetokounmpo,Saddiq Bey,Torrey Craig,Caleb Martin,Mike James,Cody Zeller,20210504,238.70545516328917,266.25
Bradley Beal,Russell Westbrook,Giannis Antetokounmpo,Dillon Brooks,Kenyon Martin Jr,Drew Eubanks,Tyrese Maxey,JaVale McGee,20210505,238.69652792069692,338.25
Paul George,Russell Westbrook,Domantas Sabonis,Andrew Wiggins,Wayne Ellington,Robin Lopez,John Konchar,Willie Cauley-Stein,20210506,238.71261200490858,300.25
Zach LaVine,Luka Doncic,Giannis Antetokounmpo,Cedi Osman,Maurice Harkless,Kira Lewis Jr,DJ Augustin,Frank Kaminsky,20210507,238.7137340635385,270.0
Bradley Beal,Russell Westbrook,Kevin Durant,Tobias Harris,Jaylen Hoard,Jalen Harris,Markus Howard,Harry Giles,20210508,238.71641875684293,329.75
Zach LaVine,Luka Doncic,Anthony Davis,Saddiq Bey,Chimezie Metu,Mfiondu Kabengele,Jordan McLaughlin,Anderson Varejao,20210509,238.72413025949004,270.75
Caris LeVert,Russell Westbrook,Giannis Antetokounmpo,Andrew Wiggins,Wenyen Gabriel,Kelan Martin,John Konchar,Onyeka Okongwu,20210510,238.68738835945854,264.25
Zach LaVine,Luka Doncic,Giannis Antetokounmpo,RJ Barrett,Kelan Martin,Mike James,Frank Ntilikina,Mike Scott,20210511,238.71292222125828,234.0
James Harden,Russell Westbrook,Kevin Durant,James Johnson,Markieff Morris,Cameron Oliver,Mike James,Luke Kornet,20210512,238.7537363168509,275.5
Zach LaVine,Damian Lillard,Giannis Antetokounmpo,Anthony Edwards,Mike Scott,Justin James,Markus Howard,JaVale McGee,20210513,238.69678035767862,311.75
Collin Sexton,Russell Westbrook,Kristaps Porzingis,Buddy Hield,Tyler Cook,Louis King,Justise Winslow,Aron Baynes,20210514,238.66152019106454,318.5
James Harden,LeBron James,Anthony Davis,Evan Fournier,Torrey Craig,Luke Kornet,Tre Jones,Gorgui Dieng,20210515,238.75808504986506,267.25
Kyrie Irving,Russell Westbrook,Anthony Davis,Isaac Okoro,Torrey Craig,Jordan Nwora,Jevon Carter,Onyeka Okongwu,20210516,238.70712917497497,341.5
Bradley Beal,Russell Westbrook,Domantas Sabonis,Evan Fournier,Edmond Sumner,Alex Len,Grant Riller,Nick Richards,20210518,238.68281457122373,208.75
Andrew Wiggins,Stephen Curry,Anthony Davis,LeBron James,Devin Vassell,Patty Mills,Mychal Mulder,Gorgui Dieng,20210519,237.98136221941516,233.0
James Harden,Luka Doncic,Jayson Tatum,Evan Fournier,Jeff Green,Jabari Parker,Tremont Waters,Willie Cauley-Stein,20210522,238.72539855013343,218.5
Bradley Beal,Russell Westbrook,Anthony Davis,Tobias Harris,Tony Snell,Obi Toppin,Frank Ntilikina,Alex Len,20210523,238.62740505989075,214.5
Khris Middleton,Damian Lillard,Giannis Antetokounmpo,Jimmy Butler,Paul Millsap,Nemanja Bjelica,Sam Merrill,Precious Achiuwa,20210524,238.6377272575026,232.25
James Harden,Luka Doncic,Jayson Tatum,Evan Fournier,Jae Crowder,Marc Gasol,Tremont Waters,Willie Cauley-Stein,20210525,238.71117469318247,203.75
Bradley Beal,Russell Westbrook,Julius Randle,Tobias Harris,Royce ONeale,Taj Gibson,Cassius Winston,Anthony Tolliver,20210526,238.6563208899002,209.5
Devin Booker,LeBron James,Giannis Antetokounmpo,Jimmy Butler,Cameron Johnson,Torrey Craig,Gabe Vincent,Precious Achiuwa,20210527,238.64064938220582,199.0
James Harden,Luka Doncic,Julius Randle,Evan Fournier,Taj Gibson,Willie Cauley-Stein,Tyler Johnson,Onyeka Okongwu,20210528,238.72774066520722,244.0
Bradley Beal,Russell Westbrook,Giannis Antetokounmpo,Tobias Harris,Andre Iguodala,Markus Howard,Anfernee Simons,JaVale McGee,20210529,238.69403525614644,272.75
James Harden,Luka Doncic,Kevin Durant,Evan Fournier,Cameron Johnson,Jabari Parker,Amir Coffey,Boban Marjanovic,20210530,238.7416297785296,239.25
Bradley Beal,Russell Westbrook,Tobias Harris,Dillon Brooks,Kyle Anderson,Dwight Howard,Tyus Jones,Robin Lopez,20210531,238.6063846864406,246.5
James Harden,LeBron James,Kevin Durant,Evan Fournier,Blake Griffin,Jabari Parker,Anfernee Simons,Frank Kaminsky,20210601,238.73011889707894,240.0
Bradley Beal,Russell Westbrook,Julius Randle,Tobias Harris,Desmond Bane,Robin Lopez,Tyus Jones,Boban Marjanovic,20210602,238.6935201724288,252.75
Devin Booker,Damian Lillard,Anthony Davis,LeBron James,Rondae Hollis-Jefferson,Frank Kaminsky,Anfernee Simons,Montrezl Harrell,20210603,238.65910804444718,231.75
Paul George,Luka Doncic,Tobias Harris,Tim Hardaway Jr,John Collins,Furkan Korkmaz,Amir Coffey,Onyeka Okongwu,20210606,238.63376497305546,247.25
Kyrie Irving,Devin Booker,Giannis Antetokounmpo,Khris Middleton,Blake Griffin,Torrey Craig,Tyler Johnson,Reggie Perry,20210607,238.09769012476474,208.25
Paul George,Trae Young,Tobias Harris,Kawhi Leonard,Nicolas Batum,Shake Milton,Patrick Beverley,DeMarcus Cousins,20210608,238.65636460297713,212.25
Kyrie Irving,Donovan Mitchell,Giannis Antetokounmpo,Khris Middleton,Pat Connaughton,Georges Niang,Patrick Beverley,DeMarcus Cousins,20210610,238.70609070264635,225.75
Devin Booker,Trae Young,Tobias Harris,Will Barton,John Collins,Deandre Ayton,Shake Milton,Dario Saric,20210611,238.49527851552014,241.75
Kyrie Irving,Devin Booker,Giannis Antetokounmpo,Khris Middleton,Mikal Bridges,JaVale McGee,Chris Chiozza,Jeff Green,20210613,238.65815616156496,246.0
Donovan Mitchell,Trae Young,Tobias Harris,Kawhi Leonard,Danilo Gallinari,Terance Mann,Patrick Beverley,Onyeka Okongwu,20210614,238.6534388473594,252.75
Donovan Mitchell,Trae Young,Tobias Harris,Bojan Bogdanovic,John Collins,Joe Ingles,Rajon Rondo,Onyeka Okongwu,20210616,238.56594702083692,244.25
Paul George,Trae Young,Tobias Harris,Bojan Bogdanovic,John Collins,Furkan Korkmaz,Tyrese Maxey,Onyeka Okongwu,20210618,238.0584634289916,251.25
Paul George,Trae Young,Tobias Harris,Nicolas Batum,John Collins,Cameron Johnson,Rajon Rondo,DeMarcus Cousins,20210620,238.65880713287044,278.5
Paul George,Devin Booker,Nicolas Batum,Jae Crowder,Marcus Morris,Deandre Ayton,Patrick Beverley,Ivica Zubac,20210622,236.18625188209688,201.5
Khris Middleton,Trae Young,Giannis Antetokounmpo,Kevin Huerter,Danilo Gallinari,PJ Tucker,Bryn Forbes,Onyeka Okongwu,20210623,238.00329567231572,231.75
Paul George,Devin Booker,Nicolas Batum,Jae Crowder,Mikal Bridges,Deandre Ayton,Patrick Beverley,Ivica Zubac,20210624,235.01497352564232,244.75
Khris Middleton,Trae Young,Giannis Antetokounmpo,Kevin Huerter,Pat Connaughton,PJ Tucker,Bryn Forbes,Bobby Portis,20210625,237.46487911316422,185.25
Paul George,Devin Booker,Nicolas Batum,Jae Crowder,Mikal Bridges,Chris Paul,Patrick Beverley,Ivica Zubac,20210626,237.72329177429242,218.5
Khris Middleton,Trae Young,Giannis Antetokounmpo,Kevin Huerter,Danilo Gallinari,Bryn Forbes,Jeff Teague,Onyeka Okongwu,20210627,235.75464797374948,242.75
Paul George,Devin Booker,Jae Crowder,Mikal Bridges,Nicolas Batum,Chris Paul,Patrick Beverley,Dario Saric,20210628,237.8590631100011,224.5
Khris Middleton,Jrue Holiday,Giannis Antetokounmpo,Kevin Huerter,Danilo Gallinari,Cam Reddish,Bryn Forbes,Onyeka Okongwu,20210629,237.4156566874269,199.0
Paul George,Devin Booker,Jae Crowder,Mikal Bridges,Marcus Morris,Chris Paul,Patrick Beverley,Dario Saric,20210630,233.75718465425538,259.0
Khris Middleton,Jrue Holiday,John Collins,Kevin Huerter,Danilo Gallinari,Clint Capela,Bogdan Bogdanovic,Onyeka Okongwu,20210701,234.37255321633788,286.5
